"","hhid","pumsSerialNo","homeTaz","homeMaz","hhsize","numFtWorkers","numPtWorkers","numUnivStuds","numNonWorkers","nunmRetired","numDrivAgeStuds","numPreDrivStuds","numPreshcool","hhIncomeDollars","dwellingType","numAuto","modelFailureId"
"1112281",1112280,2008000102400,3051,23050,1,0,0,1,0,0,0,0,0,0,2,0,0
"815041",815040,2008000364544,2281,22280,3,2,0,0,0,0,1,0,0,74020,1,4,0
"673816",673815,2011000995840,1605,21604,2,0,1,0,1,0,0,0,0,14500,1,2,0
"1138908",1138907,2008001282048,3141,23140,1,0,0,0,0,1,0,0,0,43000,1,3,0
"628538",628537,2011000340480,1632,21631,2,2,0,0,0,0,0,0,0,92500,1,2,0
"333882",333881,2009000706048,720,20719,1,1,0,0,0,0,0,0,0,7000,1,1,0
"299846",299845,2008001019904,440,20439,1,0,0,0,0,1,0,0,0,131600,1,1,0
"295154",295153,2007001071616,417,20416,3,0,0,0,2,1,0,0,0,34400,1,2,0
"694823",694822,2007000940544,1796,21795,2,0,0,0,0,2,0,0,0,14000,1,1,0
"187843",187842,2011000209408,573,20572,1,1,0,0,0,0,0,0,0,40500,1,1,0
"399346",399345,2011000602624,919,20918,5,1,1,1,0,0,1,1,0,56300,1,2,0
"150032",150031,2007001071616,92,20091,4,1,0,0,0,0,0,3,0,14200,1,1,0
"677341",677340,2011001126912,1616,21615,6,1,0,0,1,0,0,3,1,38000,1,2,0
"136774",136773,2010000916480,749,20748,2,1,0,0,1,0,0,0,0,315000,1,3,0
"108828",108827,2007000809472,470,20469,1,1,0,0,0,0,0,0,0,55000,1,1,0
"968656",968655,2007000416256,2559,22558,1,0,0,0,0,1,0,0,0,29900,1,1,0
"317973",317972,2008000495616,687,20686,1,0,0,0,0,1,0,0,0,162400,1,2,0
"416319",416318,2007000154112,1028,21027,1,1,0,0,0,0,0,0,0,61030,1,1,0
"656736",656735,2007000154112,1759,21758,1,1,0,0,0,0,0,0,0,20140,1,1,0
"662699",662698,2010000523264,1566,21565,2,2,0,0,0,0,0,0,0,44000,1,2,0
"987545",987544,2008000757760,2762,22761,1,1,0,0,0,0,0,0,0,50000,1,2,0
"590444",590443,2011000602624,1450,21449,1,1,0,0,0,0,0,0,0,45000,1,1,0
"767569",767568,2009000837120,1985,21984,1,1,0,0,0,0,0,0,0,165000,1,1,0
"126340",126339,2010000654336,510,20509,3,2,1,0,0,0,0,0,0,86000,1,3,0
"577098",577097,2011001257984,1420,21419,1,0,0,0,0,1,0,0,0,39910,1,1,0
"1067092",1067091,2011001126912,2909,22908,2,0,2,0,0,0,0,0,0,206520,1,3,0
"556115",556114,2007000023040,1383,21382,2,1,0,0,1,0,0,0,0,80800,1,2,0
"338591",338590,2009001099264,729,20728,2,0,1,0,0,1,0,0,0,120600,1,2,0
"877462",877461,2010000130048,2823,22822,1,0,0,0,1,0,0,0,0,20700,1,1,0
"173967",173966,2007000678400,531,20530,2,2,0,0,0,0,0,0,0,125000,1,2,0
"536162",536161,2011001520128,1281,21280,4,2,0,0,0,0,0,2,0,153000,1,2,0
"409103",409102,2010000392192,1000,20999,2,1,1,0,0,0,0,0,0,196100,1,4,0
"859613",859612,2010001047552,2526,22525,4,2,1,0,0,0,0,1,0,56500,1,3,0
"375334",375333,2011000471552,2151,22150,3,2,0,0,0,0,1,0,0,145000,1,3,0
"138923",138922,2010000130048,761,20760,1,0,0,0,1,0,0,0,0,7200,1,1,0
"612918",612917,2007000285184,1532,21531,1,0,0,0,1,0,0,0,0,19400,1,0,0
"283948",283947,2010000130048,277,20276,5,0,0,0,3,0,0,1,1,33100,1,3,0
"613924",613923,2009001099264,1535,21534,1,0,0,0,1,0,0,0,0,47100,1,1,0
"66515",66514,2009000050688,167,20166,1,0,0,0,0,1,0,0,0,146200,1,2,0
"976719",976718,2009001099264,2603,22602,2,0,0,0,0,2,0,0,0,47600,1,1,0
"2356",2355,2007001333760,63,20062,1,1,0,0,0,0,0,0,0,60000,1,2,0
"509088",509087,2007000023040,1155,21154,4,1,0,0,1,0,0,0,2,32360,1,2,0
"442007",442006,2009000443904,1120,21119,4,1,1,0,2,0,0,0,0,75800,1,3,0
"848785",848784,2009000050688,2502,22501,1,0,0,1,0,0,0,0,0,0,2,0,0
"66256",66255,2008000102400,167,20166,2,0,0,0,1,0,0,1,0,8000,1,1,0
"68608",68607,2011000471552,169,20168,2,0,0,0,2,0,0,0,0,16000,1,1,0
"1028618",1028617,2010000261120,2684,22683,1,0,1,0,0,0,0,0,0,28400,1,1,0
"959090",959089,2008001019904,2442,22441,2,1,1,0,0,0,0,0,0,81200,1,2,0
"586067",586066,2010000654336,1442,21441,2,2,0,0,0,0,0,0,0,325800,1,3,0
"944945",944944,2010001309696,2820,22819,3,0,1,0,0,0,0,0,2,19200,1,1,0
"420773",420772,2007000547328,1057,21056,4,2,0,0,0,0,0,1,1,83000,1,2,0
"1016854",1016853,2007000416256,2645,22644,2,1,1,0,0,0,0,0,0,172800,1,4,0
"205590",205589,2011000733696,270,20269,4,2,0,0,0,0,0,2,0,80000,1,4,0
"859231",859230,2007001333760,2526,22525,1,1,0,0,0,0,0,0,0,25000,1,1,0
"497249",497248,2009000574976,1040,21039,5,1,0,0,1,0,0,1,2,61300,1,2,0
"308785",308784,2007001071616,662,20661,2,0,0,0,2,0,0,0,0,46800,1,2,0
"1061499",1061498,2007000809472,2896,22895,1,1,0,0,0,0,0,0,0,118000,1,1,0
"937621",937620,2008000233472,2796,22795,1,0,1,0,0,0,0,0,0,4500,1,1,0
"378216",378215,2007001202688,2163,22162,3,2,0,0,0,0,0,0,1,112000,1,2,0
"1074076",1074075,2009000443904,2919,22918,2,2,0,0,0,0,0,0,0,67500,1,1,0
"320097",320096,2009000181760,689,20688,1,1,0,0,0,0,0,0,0,25900,1,0,0
"671276",671275,2009000443904,1597,21596,3,3,0,0,0,0,0,0,0,113200,1,3,0
"159005",159004,2008001150976,128,20127,6,3,0,0,0,0,0,2,1,284400,1,2,0
"827131",827130,2009000181760,2430,22429,1,0,0,0,1,0,0,0,0,24000,1,1,0
"845839",845838,2009000443904,2498,22497,1,0,0,1,0,0,0,0,0,0,2,1,0
"291193",291192,2010001047552,327,20326,3,0,1,0,0,2,0,0,0,20300,1,0,0
"103872",103871,2010000785408,457,20456,3,1,1,0,0,0,1,0,0,228800,1,3,0
"260212",260211,2008000102400,813,20812,6,1,1,0,3,0,0,0,1,139300,1,4,0
"613740",613739,2011000995840,1534,21533,3,3,0,0,0,0,0,0,0,85900,1,3,0
"598402",598401,2007000154112,1487,21486,2,0,1,0,0,1,0,0,0,69900,1,3,0
"185857",185856,2011001126912,570,20569,2,1,0,1,0,0,0,0,0,313110,1,2,0
"127494",127493,2011000602624,511,20510,3,2,0,0,1,0,0,0,0,92000,1,4,0
"335947",335946,2007000547328,726,20725,4,0,0,1,1,0,0,2,0,29940,1,3,0
"1020269",1020268,2007000547328,2656,22655,1,0,0,0,0,1,0,0,0,23900,1,1,0
"925824",925823,2011000995840,2734,22733,3,1,0,0,1,0,1,0,0,51920,1,3,0
"163365",163364,2011001257984,391,20390,2,0,1,0,0,1,0,0,0,39000,1,2,0
"522431",522430,2011000078336,1176,21175,2,0,0,0,1,1,0,0,0,47600,1,1,0
"900753",900752,2007000547328,2669,22668,2,2,0,0,0,0,0,0,0,71000,1,2,0
"1020421",1020420,2007001202688,2656,22655,1,0,0,0,0,1,0,0,0,19100,1,2,0
"869517",869516,2010000916480,2683,22682,4,2,2,0,0,0,0,0,0,160200,1,4,0
"1141216",1141215,2007001202688,3146,23145,1,0,0,0,0,1,0,0,0,11600,1,1,0
"669908",669907,2010001178624,1590,21589,3,0,1,0,0,1,1,0,0,35500,1,4,0
"379733",379732,2011000209408,2173,22172,4,1,0,0,1,0,0,0,2,89000,1,2,0
"462454",462453,2007000547328,1203,21202,2,1,0,0,1,0,0,0,0,140400,1,2,0
"943268",943267,2010000130048,2812,22811,2,1,1,0,0,0,0,0,0,73000,1,3,0
"181973",181972,2009000837120,562,20561,1,0,0,0,1,0,0,0,0,10800,1,1,0
"390392",390391,2010000785408,2204,22203,4,2,0,0,0,0,1,1,0,136230,1,3,0
"984608",984607,2008001019904,2751,22750,2,1,1,0,0,0,0,0,0,67000,1,2,0
"466944",466943,2008000757760,1245,21244,3,2,0,0,0,0,0,1,0,196400,1,2,0
"343521",343520,2008000757760,742,20741,1,0,1,0,0,0,0,0,0,47600,1,1,0
"359133",359132,2011000078336,2114,22113,4,1,1,0,0,0,0,1,1,77000,1,2,0
"980633",980632,2008000233472,2743,22742,3,1,0,0,1,0,1,0,0,89000,1,3,0
"1001816",1001815,2009000312832,2543,22542,4,1,1,0,0,0,0,1,1,49000,1,2,0
"734168",734167,2010000130048,1910,21909,1,1,0,0,0,0,0,0,0,69800,1,3,0
"626617",626616,2007999971328,1630,21629,1,1,0,0,0,0,0,0,0,41150,1,1,0
"679915",679914,2010000130048,1667,21666,3,2,0,1,0,0,0,0,0,97000,1,4,0
"317557",317556,2010000392192,685,20684,2,0,0,0,1,1,0,0,0,300600,1,3,0
"255249",255248,2008000757760,735,20734,4,2,0,0,0,0,2,0,0,49410,1,3,0
"34458",34457,2007000416256,222,20221,3,1,0,2,0,0,0,0,0,17600,3,0,0
"708881",708880,2007000678400,1836,21835,1,0,0,1,0,0,0,0,0,0,2,1,0
"624877",624876,2008000364544,1627,21626,3,1,0,0,1,0,0,1,0,96000,1,2,0
"214539",214538,2009999998976,423,20422,2,0,0,0,1,0,0,1,0,33000,1,1,0
"426647",426646,2011000733696,1080,21079,2,0,0,0,0,2,0,0,0,19800,1,0,0
"566471",566470,2009001099264,1399,21398,2,0,0,0,1,1,0,0,0,43400,1,1,0
"1143726",1143725,2010001178624,3155,23154,5,0,0,0,2,0,0,2,1,21000,1,2,0
"959980",959979,2007000678400,2446,22445,4,1,1,0,1,0,1,0,0,28360,1,1,0
"175053",175052,2009001099264,536,20535,4,1,0,0,1,0,2,0,0,156700,1,2,0
"266282",266281,2009000968192,251,20250,1,0,0,0,0,1,0,0,0,18000,1,0,0
"995853",995852,2008000626688,2842,22841,1,1,0,0,0,0,0,0,0,18000,1,3,0
"766029",766028,2009001099264,1981,21980,4,1,0,0,1,0,0,2,0,161130,1,3,0
"20742",20741,2010000392192,161,20160,1,0,0,1,0,0,0,0,0,0,2,1,0
"731655",731654,2009999998976,1890,21889,2,0,0,0,0,2,0,0,0,27500,1,2,0
"49467",49466,2009000706048,374,20373,2,1,0,1,0,0,0,0,0,64504,1,2,0
"518245",518244,2009999998976,1170,21169,1,0,0,1,0,0,0,0,0,0,2,1,0
"942923",942922,2008000364544,2812,22811,2,1,0,0,1,0,0,0,0,98600,1,1,0
"307614",307613,2008001150976,628,20627,1,1,0,0,0,0,0,0,0,38000,1,1,0
"1075979",1075978,2011001126912,2922,22921,2,0,2,0,0,0,0,0,0,206520,1,3,0
"515819",515818,2008000364544,1170,21169,1,0,0,1,0,0,0,0,0,0,2,1,0
"595801",595800,2007000285184,1474,21473,4,2,0,0,0,0,0,1,1,138000,1,2,0
"388390",388389,2011000602624,2201,22200,1,0,0,0,0,1,0,0,0,19000,1,1,0
"9453",9452,2008001282048,135,20134,2,1,0,0,1,0,0,0,0,38700,1,2,0
"476171",476170,2007000154112,958,20957,1,0,0,0,0,1,0,0,0,15700,1,1,0
"444328",444327,2009000181760,1127,21126,1,0,0,0,0,1,0,0,0,25100,1,1,0
"1123979",1123978,2008000364544,3095,23094,2,2,0,0,0,0,0,0,0,71600,1,2,0
"300016",300015,2009000837120,440,20439,2,1,0,0,0,1,0,0,0,67400,1,1,0
"911230",911229,2009000968192,2714,22713,1,0,0,0,0,1,0,0,0,55700,1,1,0
"679727",679726,2009000312832,1667,21666,5,1,0,0,1,0,0,3,0,49000,1,3,0
"331318",331317,2009000968192,714,20713,2,2,0,0,0,0,0,0,0,53094,1,2,0
"197628",197627,2011000340480,774,20773,2,2,0,0,0,0,0,0,0,44000,1,2,0
"94718",94717,2007000023040,404,20403,2,2,0,0,0,0,0,0,0,130000,1,4,0
"803919",803918,2007000678400,2245,22244,3,1,1,0,0,0,0,0,1,53000,1,2,0
"199211",199210,2009000050688,787,20786,2,0,0,0,0,2,0,0,0,43800,1,0,0
"283894",283893,2009001099264,277,20276,2,1,1,0,0,0,0,0,0,58504,1,2,0
"581322",581321,2008000102400,1432,21431,2,1,0,0,0,0,0,1,0,18000,1,1,0
"971297",971296,2008000364544,2579,22578,4,2,0,0,0,0,0,1,1,62000,1,2,0
"1014302",1014301,2010001047552,2641,22640,2,0,0,0,1,0,0,1,0,13900,1,0,0
"547445",547444,2007000678400,1364,21363,1,1,0,0,0,0,0,0,0,110400,1,3,0
"703804",703803,2010000392192,1821,21820,2,0,0,0,0,2,0,0,0,37400,1,1,0
"502230",502229,2007000023040,1059,21058,4,1,0,0,1,0,0,0,2,32360,1,1,0
"437115",437114,2007000678400,1104,21103,2,1,0,0,1,0,0,0,0,22700,1,2,0
"146477",146476,2009000181760,80,20079,2,0,0,0,0,2,0,0,0,176600,1,1,0
"909324",909323,2011000209408,2712,22711,2,1,1,0,0,0,0,0,0,82900,1,2,0
"991984",991983,2007001333760,2795,22794,4,2,0,0,0,0,0,2,0,185000,1,2,0
"854372",854371,2011000078336,2507,22506,2,0,0,0,1,0,0,1,0,22800,1,1,0
"650677",650676,2010000392192,1680,21679,2,0,0,0,0,2,0,0,0,61600,1,2,0
"372957",372956,2009000050688,2144,22143,1,1,0,0,0,0,0,0,0,100000,1,2,0
"456702",456701,2011000340480,1153,21152,2,0,0,0,0,2,0,0,0,41100,1,1,0
"699070",699069,2010000261120,1809,21808,4,2,0,0,0,0,0,2,0,109500,1,2,0
"413369",413368,2007000940544,1007,21006,3,2,0,0,0,0,0,0,1,210200,1,2,0
"1143422",1143421,2009000312832,3153,23152,2,0,0,0,1,1,0,0,0,31200,1,2,0
"699802",699801,2010001178624,1810,21809,3,0,1,0,2,0,0,0,0,71110,1,4,0
"330223",330222,2010001309696,712,20711,2,2,0,0,0,0,0,0,0,80000,1,2,0
"928177",928176,2007000285184,2741,22740,3,2,1,0,0,0,0,0,0,117000,1,4,0
"740403",740402,2007000809472,1927,21926,3,2,0,0,0,0,0,1,0,84000,1,3,0
"1030456",1030455,2009001230336,2686,22685,4,2,0,0,1,0,0,1,0,89400,1,2,0
"111373",111372,2011000078336,476,20475,5,1,0,0,1,0,0,1,2,62000,1,2,0
"265287",265286,2007000285184,250,20249,4,0,1,0,0,0,0,1,2,1500,1,1,0
"139960",139959,2009000837120,765,20764,3,1,1,0,0,0,0,1,0,89300,1,2,0
"355628",355627,2007000940544,2108,22107,2,0,0,0,1,1,0,0,0,20800,1,1,0
"741861",741860,2007001202688,1932,21931,5,1,1,0,1,0,0,2,0,110300,1,2,0
"334551",334550,2007000416256,724,20723,2,0,1,0,0,0,0,1,0,15000,1,1,0
"1008779",1008778,2011000078336,2571,22570,3,0,0,0,1,2,0,0,0,13600,1,0,0
"940654",940653,2011000471552,2806,22805,2,1,1,0,0,0,0,0,0,62000,1,2,0
"827099",827098,2008001150976,2430,22429,4,0,0,0,2,0,0,2,0,12200,1,0,0
"247397",247396,2011000209408,669,20668,4,2,0,0,0,0,0,2,0,76000,1,2,0
"129949",129948,2010000916480,523,20522,5,1,1,0,1,0,0,1,1,65000,1,1,0
"929144",929143,2008001019904,2757,22756,2,1,0,0,0,1,0,0,0,58910,1,2,0
"153812",153811,2009000050688,117,20116,1,1,0,0,0,0,0,0,0,19700,1,1,0
"1070467",1070466,2011000209408,2914,22913,1,0,0,0,0,1,0,0,0,44100,1,1,0
"366251",366250,2010001178624,2130,22129,1,1,0,0,0,0,0,0,0,20000,1,0,0
"1142148",1142147,2010000261120,3148,23147,5,1,0,0,1,0,0,2,1,13700,1,2,0
"1070637",1070636,2007000678400,2915,22914,2,1,0,0,1,0,0,0,0,217000,1,2,0
"629652",629651,2011000209408,1635,21634,2,2,0,0,0,0,0,0,0,118000,1,2,0
"170878",170877,2009001361408,518,20517,1,0,0,0,0,1,0,0,0,14600,1,1,0
"264854",264853,2009000443904,249,20248,2,1,0,1,0,0,0,0,0,75130,3,2,0
"46083",46082,2007000154112,360,20359,1,0,0,0,1,0,0,0,0,7200,1,0,0
"313059",313058,2007000154112,678,20677,5,2,0,0,0,0,1,2,0,170500,1,4,0
"645442",645441,2011000209408,1669,21668,1,0,0,0,1,0,0,0,0,12300,1,1,0
"420688",420687,2011001126912,1056,21055,2,0,0,0,0,2,0,0,0,21300,1,1,0
"561799",561798,2007001071616,1390,21389,4,1,0,0,1,0,0,2,0,107370,1,2,0
"128721",128720,2007000023040,522,20521,4,1,1,0,0,0,0,2,0,110000,1,2,0
"939667",939666,2010000261120,2805,22804,1,0,0,1,0,0,0,0,0,10600,1,1,0
"451668",451667,2007001202688,1142,21141,4,2,0,1,0,0,1,0,0,128800,1,3,0
"156718",156717,2009000181760,126,20125,1,0,0,1,0,0,0,0,0,0,2,0,0
"68080",68079,2011000209408,168,20167,1,0,0,0,1,0,0,0,0,8100,1,0,0
"159229",159228,2009999998976,128,20127,1,1,0,0,0,0,0,0,0,27000,1,1,0
"350573",350572,2009000706048,2091,22090,2,0,0,0,2,0,0,0,0,40400,1,1,0
"1123714",1123713,2011001126912,3094,23093,2,1,0,0,0,0,0,1,0,86500,1,1,0
"747250",747249,2009001099264,1944,21943,1,1,0,0,0,0,0,0,0,30000,1,1,0
"1149319",1149318,2011000078336,3169,23168,2,1,1,0,0,0,0,0,0,275200,1,2,0
"25945",25944,2009000312832,216,20215,1,0,0,1,0,0,0,0,0,0,2,0,0
"15475",15474,2009000443904,147,20146,2,0,0,0,2,0,0,0,0,0,1,0,0
"1081315",1081314,2007000940544,2934,22933,2,1,0,0,0,1,0,0,0,86000,1,1,0
"329304",329303,2011000602624,707,20706,1,0,0,0,1,0,0,0,0,42390,1,1,0
"580513",580512,2007000285184,1429,21428,1,1,0,0,0,0,0,0,0,33000,1,1,0
"480531",480530,2009001230336,966,20965,1,0,0,0,1,0,0,0,0,4000,1,0,0
"250388",250387,2007001071616,692,20691,2,2,0,0,0,0,0,0,0,98000,1,4,0
"820730",820729,2007000678400,2377,22376,10,2,1,7,0,0,0,0,0,81800,1,3,0
"138475",138474,2011001257984,756,20755,2,0,0,0,2,0,0,0,0,314001,1,2,0
"374086",374085,2007001202688,2150,22149,3,2,0,0,0,0,0,0,1,112000,1,3,0
"1104143",1104142,2008000757760,3009,23008,2,2,0,0,0,0,0,0,0,102300,1,3,0
"458261",458260,2011000864768,1159,21158,1,0,0,0,0,1,0,0,0,20700,1,1,0
"575973",575972,2007000285184,1420,21419,2,1,0,0,0,0,1,0,0,31500,1,2,0
"237175",237174,2009001099264,649,20648,1,0,0,0,0,1,0,0,0,31980,1,1,0
"562513",562512,2008000233472,1391,21390,3,0,0,0,1,0,0,2,0,10600,1,1,0
"177362",177361,2011001257984,545,20544,4,2,0,0,0,0,0,0,2,95000,1,2,0
"408771",408770,2008000102400,1000,20999,1,1,0,0,0,0,0,0,0,160000,1,3,0
"488984",488983,2009999998976,996,20995,2,0,0,0,1,1,0,0,0,31604,1,1,0
"68850",68849,2008000102400,170,20169,2,1,0,1,0,0,0,0,0,60000,3,3,0
"375625",375624,2008000888832,2152,22151,3,2,0,0,1,0,0,0,0,168900,1,3,0
"587303",587302,2007000547328,1445,21444,2,0,1,0,1,0,0,0,0,34000,1,2,0
"825198",825197,2010000261120,2401,22400,7,0,0,0,1,0,1,3,2,7100,1,2,0
"545994",545993,2007000940544,1361,21360,4,1,0,0,0,0,0,1,2,22630,1,0,0
"6655",6654,2007001071616,130,20129,2,1,0,0,1,0,0,0,0,173000,1,2,0
"436829",436828,2010001440768,1103,21102,1,0,0,0,1,0,0,0,0,10300,1,1,0
"60147",60146,2009000050688,110,20109,3,1,0,0,1,0,0,0,1,30200,1,2,0
"886954",886953,2010000392192,2522,22521,2,1,0,0,1,0,0,0,0,40200,1,2,0
"1083946",1083945,2010000130048,2938,22937,2,1,1,0,0,0,0,0,0,111700,1,2,0
"92214",92213,2009001099264,388,20387,4,1,0,0,1,0,0,1,1,61400,1,2,0
"179619",179618,2007001202688,560,20559,3,2,0,0,0,0,0,0,1,48250,1,2,0
"848197",848196,2008000233472,2502,22501,1,0,0,1,0,0,0,0,0,0,2,0,0
"499880",499879,2007000547328,1046,21045,3,2,1,0,0,0,0,0,0,88600,1,3,0
"268758",268757,2010000261120,255,20254,2,1,1,0,0,0,0,0,0,49700,1,2,0
"624499",624498,2010000523264,1626,21625,3,1,0,0,1,0,0,1,0,80000,1,2,0
"667062",667061,2011000733696,1582,21581,1,0,0,0,0,1,0,0,0,15300,1,1,0
"868616",868615,2010001178624,2681,22680,1,1,0,0,0,0,0,0,0,54000,1,1,0
"914007",914006,2009000050688,2718,22717,3,1,1,0,0,0,0,1,0,111000,1,2,0
"767691",767690,2010000916480,1985,21984,1,0,0,1,0,0,0,0,0,0,2,0,0
"67248",67247,2011001389056,167,20166,2,2,0,0,0,0,0,0,0,161100,1,2,0
"798724",798723,2008000233472,2229,22228,1,0,0,0,1,0,0,0,0,9000,1,1,0
"309645",309644,2010000916480,663,20662,1,1,0,0,0,0,0,0,0,69000,1,1,0
"1124166",1124165,2009000443904,3095,23094,1,1,0,0,0,0,0,0,0,23000,1,1,0
"113953",113952,2008000757760,485,20484,3,3,0,0,0,0,0,0,0,69200,1,3,0
"379243",379242,2011000995840,2169,22168,2,1,0,0,1,0,0,0,0,77000,1,2,0
"702710",702709,2011000471552,1818,21817,1,0,0,0,0,1,0,0,0,28900,1,1,0
"574666",574665,2010000261120,1417,21416,4,1,0,0,1,0,0,2,0,71300,1,2,0
"787388",787387,2011000602624,2031,22030,2,2,0,0,0,0,0,0,0,123500,1,2,0
"459597",459596,2011000995840,1161,21160,4,1,1,0,0,1,0,0,1,54600,1,3,0
"1072790",1072789,2009001361408,2918,22917,1,0,0,1,0,0,0,0,0,3000,1,1,0
"1007628",1007627,2008000364544,2569,22568,2,1,0,0,1,0,0,0,0,31210,1,2,0
"320004",320003,2008001019904,689,20688,1,0,0,0,0,1,0,0,0,32500,1,1,0
"162844",162843,2008001019904,385,20384,4,2,0,0,1,0,1,0,0,75000,1,3,0
"488581",488580,2011000733696,995,20994,2,2,0,0,0,0,0,0,0,48700,1,2,0
"247202",247201,2009001361408,669,20668,4,2,0,0,1,0,0,1,0,74320,1,3,0
"677576",677575,2011001389056,1617,21616,4,0,0,0,1,0,0,3,0,9500,1,1,0
"115766",115765,2008000495616,488,20487,2,1,0,0,1,0,0,0,0,60000,1,0,0
"42945",42944,2010000130048,301,20300,1,0,0,1,0,0,0,0,0,400,3,0,0
"566269",566268,2007999971328,1399,21398,4,2,0,1,0,0,1,0,0,171450,1,4,0
"261095",261094,2009000706048,815,20814,1,1,0,0,0,0,0,0,0,70000,1,1,0
"834720",834719,2009000968192,2463,22462,2,2,0,0,0,0,0,0,0,33500,1,0,0
"1041555",1041554,2007000809472,2815,22814,2,1,1,0,0,0,0,0,0,48000,1,2,0
"1085997",1085996,2007000809472,2944,22943,5,0,0,0,2,0,0,3,0,70300,1,2,0
"1040227",1040226,2009001230336,2791,22790,3,1,0,1,0,0,0,0,1,63000,1,2,0
"1154241",1154240,2007001202688,3184,23183,2,0,0,0,0,2,0,0,0,34300,1,2,0
"1060071",1060070,2011000733696,2894,22893,3,1,0,0,1,0,0,0,1,80030,1,2,0
"725141",725140,2008000495616,1866,21865,1,0,0,0,0,1,0,0,0,13200,1,1,0
"333653",333652,2011000209408,719,20718,1,1,0,0,0,0,0,0,0,75000,1,2,0
"554295",554294,2011001257984,1378,21377,2,1,0,0,0,0,0,1,0,21000,1,1,0
"167844",167843,2011000995840,512,20511,1,1,0,0,0,0,0,0,0,65000,1,1,0
"860863",860862,2007000678400,2585,22584,3,0,1,0,0,0,0,0,2,6000,1,1,0
"455321",455320,2007000809472,1152,21151,2,2,0,0,0,0,0,0,0,120000,1,2,0
"168049",168048,2007999971328,513,20512,2,0,0,0,0,1,1,0,0,12000,1,3,0
"633302",633301,2007000285184,1644,21643,2,0,1,0,0,0,0,1,0,18400,1,0,0
"197268",197267,2011000602624,770,20769,2,0,0,0,2,0,0,0,0,5330,1,0,0
"542740",542739,2007000940544,1352,21351,2,1,0,0,1,0,0,0,0,83300,1,2,0
"713923",713922,2010001309696,1842,21841,2,1,0,1,0,0,0,0,0,136140,1,2,0
"632088",632087,2009000443904,1638,21637,2,2,0,0,0,0,0,0,0,214000,1,2,0
"690670",690669,2007000547328,1743,21742,2,0,0,0,0,2,0,0,0,36700,1,3,0
"845539",845538,2007000416256,2498,22497,1,0,0,1,0,0,0,0,0,0,2,0,0
"1143125",1143124,2011000602624,3151,23150,3,1,0,0,0,0,0,2,0,16800,1,1,0
"645078",645077,2009000181760,1669,21668,3,0,0,0,1,0,0,2,0,37000,1,1,0
"139455",139454,2010000392192,764,20763,2,1,0,0,1,0,0,0,0,57830,1,2,0
"865979",865978,2011001389056,2634,22633,1,0,1,0,0,0,0,0,0,12000,1,1,0
"1090799",1090798,2010000130048,2961,22960,1,1,0,0,0,0,0,0,0,21000,1,1,0
"908005",908004,2010000654336,2710,22709,3,1,2,0,0,0,0,0,0,144580,1,3,0
"711931",711930,2009000968192,1837,21836,2,0,0,0,2,0,0,0,0,43490,1,1,0
"858041",858040,2011000471552,2521,22520,7,1,0,0,1,0,0,2,3,13200,1,1,0
"899318",899317,2009001361408,2653,22652,1,1,0,0,0,0,0,0,0,65000,1,2,0
"765296",765295,2009000574976,1980,21979,2,2,0,0,0,0,0,0,0,107700,1,2,0
"247203",247202,2009001361408,669,20668,1,1,0,0,0,0,0,0,0,10000,1,1,0
"602855",602854,2011001257984,1495,21494,2,1,1,0,0,0,0,0,0,197000,1,2,0
"126325",126324,2010000523264,510,20509,1,1,0,0,0,0,0,0,0,43000,1,1,0
"560632",560631,2011001257984,1388,21387,2,1,1,0,0,0,0,0,0,197000,1,3,0
"799356",799355,2007000547328,2231,22230,3,0,1,0,0,1,1,0,0,51100,1,4,0
"54430",54429,2009001230336,73,20072,1,1,0,0,0,0,0,0,0,60000,1,1,0
"1087016",1087015,2009000968192,2945,22944,4,1,1,1,1,0,0,0,0,192600,1,4,0
"651542",651541,2010001309696,1687,21686,2,1,0,0,1,0,0,0,0,30420,1,2,0
"32905",32904,2011001126912,219,20218,2,1,0,1,0,0,0,0,0,32000,1,1,0
"370491",370490,2008000757760,2139,22138,1,0,0,0,0,1,0,0,0,7800,1,2,0
"1134895",1134894,2008000495616,3130,23129,2,0,0,0,0,2,0,0,0,30000,1,3,0
"411945",411944,2011001257984,1003,21002,2,1,0,0,1,0,0,0,0,90000,1,2,0
"1048305",1048304,2007000416256,2874,22873,1,0,0,1,0,0,0,0,0,0,2,0,0
"940234",940233,2008001413120,2806,22805,4,1,1,0,0,0,0,1,1,32000,1,2,0
"141918",141917,2007000678400,75,20074,3,0,2,0,0,0,0,1,0,25000,1,2,0
"595923",595922,2008000364544,1474,21473,2,2,0,0,0,0,0,0,0,151000,1,2,0
"1093080",1093079,2007000678400,2964,22963,2,1,0,0,1,0,0,0,0,58400,1,2,0
"670066",670065,2011000995840,1590,21589,2,0,1,0,1,0,0,0,0,14500,1,4,0
"22020",22019,2009999998976,214,20213,1,1,0,0,0,0,0,0,0,23000,1,1,0
"1115925",1115924,2011000995840,3071,23070,2,2,0,0,0,0,0,0,0,74900,1,2,0
"303862",303861,2010000261120,320,20319,4,2,2,0,0,0,0,0,0,105000,1,3,0
"256414",256413,2010000130048,741,20740,3,1,0,0,1,0,0,1,0,38000,1,1,0
"943518",943517,2011000733696,2812,22811,1,0,0,0,1,0,0,0,0,24000,1,1,0
"64730",64729,2009000443904,163,20162,1,0,0,0,1,0,0,0,0,0,1,0,0
"102145",102144,2008000757760,332,20331,4,1,0,0,1,0,0,1,1,61000,1,2,0
"1103212",1103211,2011001126912,3003,23002,5,2,1,2,0,0,0,0,0,144000,1,4,0
"374747",374746,2011000078336,2150,22149,1,1,0,0,0,0,0,0,0,20100,1,1,0
"1015712",1015711,2010000130048,2643,22642,2,1,0,0,0,1,0,0,0,82700,1,2,0
"369718",369717,2008001150976,2137,22136,2,2,0,0,0,0,0,0,0,95800,1,4,0
"770937",770936,2010001178624,1994,21993,2,2,0,0,0,0,0,0,0,82000,1,2,0
"99328",99327,2010000916480,166,20165,1,1,0,0,0,0,0,0,0,118600,1,1,0
"475863",475862,2009000443904,957,20956,2,0,0,0,2,0,0,0,0,20100,1,2,0
"216149",216148,2010000261120,445,20444,2,0,0,0,0,2,0,0,0,30500,1,1,0
"812300",812299,2011001389056,2273,22272,1,0,0,0,1,0,0,0,0,8100,1,1,0
"133193",133192,2008001282048,600,20599,4,2,0,0,0,0,0,2,0,82000,1,4,0
"694397",694396,2007000154112,1794,21793,5,2,0,0,0,0,0,2,1,16000,1,2,0
"795379",795378,2007000285184,2060,22059,1,0,0,0,0,1,0,0,0,31500,1,1,0
"1044354",1044353,2010000916480,2819,22818,3,1,1,0,1,0,0,0,0,45000,1,2,0
"511676",511675,2009000312832,1166,21165,1,0,0,1,0,0,0,0,0,12000,1,1,0
"1030970",1030969,2007001202688,2687,22686,5,1,0,0,1,0,1,1,1,81900,1,2,0
"645003",645002,2008000888832,1669,21668,1,1,0,0,0,0,0,0,0,80000,1,2,0
"806260",806259,2008000102400,2251,22250,2,1,1,0,0,0,0,0,0,26000,1,2,0
"194218",194217,2010000916480,615,20614,4,1,1,0,0,0,0,2,0,80400,1,2,0
"84110",84109,2010001309696,203,20202,1,1,0,0,0,0,0,0,0,34000,1,1,0
"970622",970621,2010001309696,2567,22566,4,0,0,1,2,0,0,0,1,154900,1,2,0
"391800",391799,2008000495616,2207,22206,2,0,0,0,2,0,0,0,0,35300,1,1,0
"265471",265470,2008000495616,250,20249,3,1,0,1,1,0,0,0,0,36000,1,3,0
"894237",894236,2010001309696,2617,22616,1,0,0,0,1,0,0,0,0,58900,1,1,0
"726092",726091,2008000364544,1869,21868,1,0,0,0,0,1,0,0,0,76100,1,1,0
"243457",243456,2008000233472,661,20660,2,0,0,0,0,2,0,0,0,44000,1,2,0
"985373",985372,2007001202688,2758,22757,3,0,3,0,0,0,0,0,0,35747,1,1,0
"701491",701490,2008000364544,1816,21815,1,0,0,0,0,1,0,0,0,26000,1,1,0
"383052",383051,2009001361408,2184,22183,1,0,0,0,1,0,0,0,0,8400,1,0,0
"987893",987892,2007000285184,2763,22762,2,0,0,0,0,2,0,0,0,34000,1,1,0
"182617",182616,2009999998976,563,20562,2,0,0,0,0,2,0,0,0,61500,1,2,0
"184124",184123,2008000626688,568,20567,2,2,0,0,0,0,0,0,0,193300,1,2,0
"892939",892938,2010001309696,2609,22608,2,0,1,0,0,1,0,0,0,85810,1,1,0
"384816",384815,2007000285184,2192,22191,2,1,0,0,1,0,0,0,0,39600,1,1,0
"13258",13257,2008000757760,143,20142,1,0,0,1,0,0,0,0,0,7000,3,1,0
"449780",449779,2007999971328,1137,21136,2,2,0,0,0,0,0,0,0,142000,1,3,0
"514595",514594,2007000285184,1170,21169,1,0,0,1,0,0,0,0,0,0,2,1,0
"614954",614953,2011000340480,1538,21537,5,0,1,0,1,0,0,3,0,42800,1,2,0
"477435",477434,2007000023040,961,20960,4,1,0,0,1,0,0,0,2,32360,1,2,0
"847274",847273,2007001202688,2500,22499,1,1,0,0,0,0,0,0,0,21000,1,1,0
"658026",658025,2008001019904,1762,21761,2,1,0,0,1,0,0,0,0,50000,1,4,0
"946935",946934,2010000392192,2838,22837,2,2,0,0,0,0,0,0,0,67020,1,2,0
"157347",157346,2010000392192,126,20125,1,0,0,1,0,0,0,0,0,0,2,0,0
"193622",193621,2007000416256,615,20614,4,2,0,0,0,0,0,1,1,93400,1,2,0
"908791",908790,2010000392192,2711,22710,5,2,0,0,0,0,0,2,1,35500,1,2,0
"707381",707380,2011001520128,1833,21832,3,2,0,1,0,0,0,0,0,66600,1,3,0
"664372",664371,2009001230336,1571,21570,2,1,0,0,1,0,0,0,0,116200,1,2,0
"492101",492100,2008000757760,1022,21021,4,3,0,0,0,0,1,0,0,400700,1,4,0
"779179",779178,2007001333760,2013,22012,2,0,1,0,1,0,0,0,0,44000,1,2,0
"899554",899553,2007001071616,2663,22662,2,2,0,0,0,0,0,0,0,358000,1,2,0
"745832",745831,2007000940544,1942,21941,5,3,0,1,0,0,0,1,0,190000,1,3,0
"235029",235028,2009001099264,646,20645,5,1,0,0,0,0,1,3,0,48200,1,2,0
"838876",838875,2008000495616,2474,22473,1,0,0,0,0,1,0,0,0,5300,1,0,0
"914356",914355,2011000864768,2718,22717,4,0,0,1,2,1,0,0,0,93800,1,2,0
"991851",991850,2011001126912,2794,22793,2,2,0,0,0,0,0,0,0,108600,1,3,0
"764814",764813,2011000340480,1979,21978,3,2,0,0,0,0,1,0,0,80900,1,2,0
"392065",392064,2009001099264,2207,22206,3,1,0,0,2,0,0,0,0,23000,1,3,0
"512996",512995,2009999998976,1168,21167,1,0,0,1,0,0,0,0,0,2500,1,1,0
"376256",376255,2007001333760,2153,22152,1,0,0,0,1,0,0,0,0,13200,1,1,0
"710211",710210,2009001230336,1836,21835,1,0,0,1,0,0,0,0,0,0,2,1,0
"1146363",1146362,2009000574976,3163,23162,1,1,0,0,0,0,0,0,0,21200,1,1,0
"119788",119787,2007000678400,496,20495,4,2,0,0,0,0,0,2,0,240000,1,2,0
"322571",322570,2010000392192,696,20695,2,1,0,0,1,0,0,0,0,158000,1,3,0
"314872",314871,2009000312832,681,20680,5,2,0,0,0,0,0,2,1,133000,1,3,0
"1064908",1064907,2007000547328,2902,22901,3,1,1,0,0,1,0,0,0,91600,1,4,0
"526883",526882,2009000443904,1200,21199,2,0,1,0,1,0,0,0,0,15700,1,2,0
"109639",109638,2010000523264,471,20470,3,0,1,0,0,2,0,0,0,25000,1,2,0
"1080491",1080490,2008000888832,2933,22932,3,0,0,0,2,1,0,0,0,155000,1,3,0
"270945",270944,2008000888832,258,20257,2,0,0,0,1,0,0,1,0,2900,1,1,0
"889906",889905,2011001126912,2546,22545,7,2,1,1,2,0,1,0,0,53010,1,2,0
"355765",355764,2009000181760,2108,22107,6,2,0,0,1,2,1,0,0,122200,1,2,0
"890419",890418,2009001361408,2549,22548,2,0,1,0,0,0,0,0,1,54000,1,1,0
"782687",782686,2008000757760,2021,22020,1,1,0,0,0,0,0,0,0,35000,1,1,0
"82762",82761,2011000209408,201,20200,2,1,0,0,1,0,0,0,0,98500,1,2,0
"89218",89217,2010001047552,335,20334,3,3,0,0,0,0,0,0,0,199000,1,4,0
"201343",201342,2007000154112,237,20236,1,0,0,0,1,0,0,0,0,7300,1,1,0
"1026673",1026672,2010000916480,2678,22677,4,1,1,0,0,0,0,1,1,33000,1,2,0
"150761",150760,2007001333760,93,20092,1,0,0,0,1,0,0,0,0,0,1,0,0
"1029057",1029056,2007000678400,2685,22684,1,1,0,0,0,0,0,0,0,37900,1,1,0
"185337",185336,2008001019904,570,20569,4,1,0,0,1,0,2,0,0,526000,1,4,0
"436654",436653,2010000261120,1103,21102,2,0,0,0,0,2,0,0,0,25400,1,2,0
"211701",211700,2007001071616,313,20312,4,1,1,0,0,0,0,2,0,44300,1,2,0
"603340",603339,2011000995840,1497,21496,3,2,0,0,1,0,0,0,0,59500,1,3,0
"429193",429192,2010000130048,1085,21084,2,1,0,0,1,0,0,0,0,56700,1,1,0
"13096",13095,2007000940544,143,20142,2,0,0,2,0,0,0,0,0,1500,1,0,0
"29391",29390,2011000209408,216,20215,1,0,0,1,0,0,0,0,0,0,2,0,0
"271461",271460,2010001309696,258,20257,2,1,1,0,0,0,0,0,0,52000,1,2,0
"691829",691828,2010001047552,1747,21746,3,0,1,0,1,1,0,0,0,86200,1,4,0
"543619",543618,2010000392192,1355,21354,5,1,1,0,2,0,0,0,1,60900,1,2,0
"970332",970331,2008000102400,2567,22566,5,1,2,0,0,0,1,1,0,76000,1,4,0
"103202",103201,2009000706048,336,20335,2,2,0,0,0,0,0,0,0,152000,1,4,0
"315936",315935,2007000154112,683,20682,4,4,0,0,0,0,0,0,0,108000,1,2,0
"380215",380214,2009000706048,2174,22173,5,1,0,0,1,0,0,2,1,15600,1,3,0
"1053211",1053210,2007000154112,2880,22879,2,1,0,0,0,0,0,1,0,44000,1,1,0
"423461",423460,2011001126912,1074,21073,3,0,0,0,0,2,1,0,0,62000,1,3,0
"194067",194066,2009001230336,615,20614,5,2,0,0,0,0,0,2,1,63600,1,2,0
"37714",37713,2010001178624,227,20226,1,0,1,0,0,0,0,0,0,19000,1,1,0
"10981",10980,2009000181760,138,20137,1,1,0,0,0,0,0,0,0,35800,1,1,0
"668935",668934,2010001178624,1587,21586,6,1,1,0,0,0,1,3,0,114000,1,3,0
"674165",674164,2011000602624,1606,21605,3,1,1,0,0,0,0,0,1,42310,1,2,0
"800863",800862,2009000312832,2236,22235,1,1,0,0,0,0,0,0,0,27000,1,2,0
"29028",29027,2010001440768,216,20215,1,0,0,1,0,0,0,0,0,0,2,1,0
"560855",560854,2007000940544,1389,21388,3,0,1,0,2,0,0,0,0,22420,1,0,0
"915354",915353,2010000261120,2720,22719,1,0,0,1,0,0,0,0,0,10600,1,0,0
"1145463",1145462,2010001047552,3161,23160,1,0,0,0,0,1,0,0,0,34340,1,0,0
"165299",165298,2007001333760,475,20474,2,0,1,0,0,1,0,0,0,191750,1,3,0
"900888",900887,2008000233472,2669,22668,5,0,0,0,2,0,0,2,1,4000,1,1,0
"926797",926796,2007000285184,2737,22736,3,2,0,0,0,0,0,1,0,107000,1,2,0
"698917",698916,2008001282048,1809,21808,2,1,0,0,0,1,0,0,0,42000,1,3,0
"1040988",1040987,2009000443904,2801,22800,2,1,0,1,0,0,0,0,0,53100,1,2,0
"944717",944716,2008000233472,2820,22819,2,1,1,0,0,0,0,0,0,57950,1,2,0
"920606",920605,2008000888832,2726,22725,2,0,1,0,0,1,0,0,0,98400,1,2,0
"773904",773903,2007000940544,2002,22001,2,2,0,0,0,0,0,0,0,48000,1,2,0
"1143415",1143414,2009000181760,3153,23152,1,1,0,0,0,0,0,0,0,31000,1,1,0
"1036810",1036809,2011000602624,2692,22691,4,1,0,0,1,0,0,0,2,70010,1,2,0
"501268",501267,2008000888832,1050,21049,2,1,0,0,1,0,0,0,0,112000,1,2,0
"512106",512105,2011000340480,1166,21165,4,1,0,1,0,0,0,2,0,51000,1,2,0
"21951",21950,2009000837120,214,20213,2,0,0,0,0,2,0,0,0,60900,1,2,0
"410141",410140,2008000495616,1002,21001,2,0,0,0,2,0,0,0,0,120000,1,2,0
"830946",830945,2008000102400,2454,22453,2,1,0,0,1,0,0,0,0,35500,1,2,0
"903182",903181,2007000416256,2702,22701,2,2,0,0,0,0,0,0,0,125900,1,4,0
"294295",294294,2008000626688,415,20414,4,0,0,0,4,0,0,0,0,0,1,1,0
"1041755",1041754,2011000340480,2815,22814,1,1,0,0,0,0,0,0,0,20000,1,1,0
"945561",945560,2007000809472,2825,22824,2,0,0,0,0,2,0,0,0,116800,1,2,0
"575829",575828,2010001047552,1419,21418,4,2,0,0,0,0,0,2,0,70000,1,2,0
"131062",131061,2009000706048,535,20534,2,0,0,0,0,2,0,0,0,51700,1,2,0
"539581",539580,2010001047552,1345,21344,2,0,0,0,1,1,0,0,0,28400,1,3,0
"308563",308562,2010001178624,629,20628,2,2,0,0,0,0,0,0,0,76100,1,4,0
"765590",765589,2011000340480,1980,21979,2,0,1,0,0,1,0,0,0,53600,1,1,0
"823057",823056,2009000968192,2391,22390,6,0,1,0,1,0,1,1,2,31000,1,2,0
"738173",738172,2008001019904,1922,21921,3,0,0,0,1,0,0,1,1,9500,1,1,0
"829717",829716,2008000364544,2452,22451,1,0,0,1,0,0,0,0,0,1200,1,1,0
"710985",710984,2010999947264,1836,21835,1,0,0,1,0,0,0,0,0,0,2,1,0
"990621",990620,2011000078336,2787,22786,2,1,1,0,0,0,0,0,0,30200,1,2,0
"839191",839190,2008001282048,2478,22477,3,1,0,0,1,0,0,0,1,26000,1,2,0
"959706",959705,2011001257984,2444,22443,1,1,0,0,0,0,0,0,0,73500,1,1,0
"1052760",1052759,2011001257984,2878,22877,3,2,1,0,0,0,0,0,0,72000,1,3,0
"707450",707449,2007000547328,1835,21834,1,0,0,0,0,1,0,0,0,18900,1,0,0
"864795",864794,2008000888832,2622,22621,3,1,1,0,0,0,0,0,1,52000,1,2,0
"201157",201156,2011000471552,236,20235,1,0,1,0,0,0,0,0,0,21200,1,1,0
"403036",403035,2008001150976,932,20931,4,1,0,0,1,0,1,1,0,64500,1,3,0
"747133",747132,2007001071616,1944,21943,2,1,0,0,0,1,0,0,0,77000,1,1,0
"351339",351338,2010001309696,2094,22093,2,1,0,1,0,0,0,0,0,118500,1,2,0
"517932",517931,2009001230336,1170,21169,1,0,0,1,0,0,0,0,0,0,2,1,0
"92401",92400,2008000233472,389,20388,2,1,0,0,1,0,0,0,0,40000,1,1,0
"454043",454042,2010000916480,1145,21144,2,0,0,0,2,0,0,0,0,93000,1,2,0
"200595",200594,2008001150976,236,20235,4,1,0,0,1,0,0,1,1,26400,1,1,0
"905831",905830,2009000181760,2707,22706,2,1,0,0,0,0,0,1,0,23000,1,1,0
"594727",594726,2011001257984,1471,21470,2,1,1,0,0,0,0,0,0,197000,1,2,0
"491532",491531,2007001333760,1021,21020,4,2,1,0,0,0,0,0,1,148400,1,2,0
"1055450",1055449,2008000757760,2883,22882,3,1,1,0,0,0,0,1,0,50000,1,2,0
"1010526",1010525,2008001150976,2574,22573,4,1,0,0,1,0,0,1,1,60000,1,2,0
"121667",121666,2011000733696,498,20497,3,1,1,0,0,0,1,0,0,229900,1,3,0
"628936",628935,2007000285184,1635,21634,2,0,0,0,0,2,0,0,0,26100,1,0,0
"355612",355611,2007000809472,2108,22107,2,2,0,0,0,0,0,0,0,72500,1,2,0
"216755",216754,2007000154112,604,20603,2,2,0,0,0,0,0,0,0,100200,1,2,0
"696373",696372,2009000574976,1799,21798,2,2,0,0,0,0,0,0,0,71800,1,2,0
"621688",621687,2009000181760,1620,21619,2,2,0,0,0,0,0,0,0,100000,1,2,0
"249368",249367,2007000416256,691,20690,2,0,0,0,0,2,0,0,0,26000,1,4,0
"957053",957052,2011001126912,2433,22432,2,0,0,0,0,2,0,0,0,29750,1,2,0
"192546",192545,2009999998976,601,20600,2,2,0,0,0,0,0,0,0,102000,1,4,0
"348174",348173,2009000837120,2083,22082,2,0,0,0,0,2,0,0,0,17900,1,1,0
"1112930",1112929,2009000050688,3051,23050,1,0,0,1,0,0,0,0,0,0,2,1,0
"17526",17525,2011000733696,154,20153,2,1,0,1,0,0,0,0,0,5420,3,0,0
"81864",81863,2009000443904,200,20199,3,3,0,0,0,0,0,0,0,142000,1,4,0
"140618",140617,2008001019904,766,20765,2,1,1,0,0,0,0,0,0,53100,1,1,0
"105854",105853,2008001282048,463,20462,2,2,0,0,0,0,0,0,0,214510,1,2,0
"719409",719408,2008000888832,1855,21854,3,1,0,0,1,0,0,0,1,59000,1,2,0
"738881",738880,2008000102400,1924,21923,4,1,0,0,1,0,1,0,1,37600,1,4,0
"92850",92849,2011001126912,389,20388,2,0,1,0,0,1,0,0,0,27200,1,4,0
"98999",98998,2009000050688,166,20165,3,2,0,0,0,0,0,1,0,83000,1,2,0
"990185",990184,2009000837120,2787,22786,1,0,0,0,0,1,0,0,0,28300,1,2,0
"713175",713174,2011000340480,1841,21840,7,0,0,1,0,0,0,3,3,15000,1,1,0
"283419",283418,2007000416256,277,20276,1,0,0,0,0,1,0,0,0,94000,1,1,0
"68830",68829,2007001333760,170,20169,2,1,0,0,1,0,0,0,0,59100,1,2,0
"115907",115906,2009000837120,488,20487,2,1,0,0,1,0,0,0,0,67800,1,2,0
"868450",868449,2010001178624,2667,22666,1,0,0,0,1,0,0,0,0,9300,1,0,0
"593034",593033,2011000864768,1462,21461,2,0,0,0,0,2,0,0,0,24800,1,3,0
"732673",732672,2011001520128,1892,21891,1,1,0,0,0,0,0,0,0,60000,1,1,0
"569243",569242,2010001047552,1406,21405,4,2,0,0,0,0,1,1,0,150000,1,3,0
"510791",510790,2007000547328,1164,21163,2,1,0,1,0,0,0,0,0,68500,1,2,0
"206850",206849,2009000050688,281,20280,2,1,1,0,0,0,0,0,0,27500,1,2,0
"654458",654457,2011000078336,1740,21739,2,0,1,0,1,0,0,0,0,9000,1,2,0
"628669",628668,2007000940544,1633,21632,2,0,0,0,2,0,0,0,0,1200,1,1,0
"680698",680697,2008001413120,1689,21688,2,0,0,0,0,2,0,0,0,37804,1,2,0
"23416",23415,2007000678400,216,20215,1,0,0,1,0,0,0,0,0,0,2,0,0
"385344",385343,2010001047552,2192,22191,5,2,1,0,1,0,0,0,1,113500,1,3,0
"58963",58962,2009000443904,107,20106,2,2,0,0,0,0,0,0,0,76600,1,3,0
"907363",907362,2008001150976,2710,22709,1,0,0,1,0,0,0,0,0,6000,1,0,0
"172647",172646,2010000785408,528,20527,2,0,0,0,0,2,0,0,0,33400,1,2,0
"68773",68772,2007000809472,170,20169,2,0,0,0,0,2,0,0,0,49600,1,2,0
"888049",888048,2008000626688,2530,22529,1,0,0,0,1,0,0,0,0,132000,1,0,0
"198036",198035,2007001071616,777,20776,2,1,1,0,0,0,0,0,0,113700,1,2,0
"214060",214059,2011000078336,329,20328,1,0,0,0,0,1,0,0,0,11200,1,1,0
"884351",884350,2011001257984,2480,22479,1,0,0,0,0,1,0,0,0,23000,1,0,0
"675802",675801,2008000364544,1611,21610,3,1,0,0,1,0,0,0,1,40000,1,3,0
"545717",545716,2010001047552,1359,21358,4,2,0,0,0,0,0,2,0,70000,1,4,0
"785137",785136,2010001178624,2025,22024,2,1,0,0,0,1,0,0,0,188100,1,2,0
"456672",456671,2011000209408,1153,21152,2,2,0,0,0,0,0,0,0,102250,1,2,0
"600379",600378,2011000995840,1493,21492,5,1,0,0,1,0,0,2,1,68000,1,3,0
"593366",593365,2009000181760,1463,21462,3,3,0,0,0,0,0,0,0,105200,1,3,0
"220682",220681,2011000602624,611,20610,1,0,0,1,0,0,0,0,0,68000,3,1,0
"934119",934118,2011000602624,2786,22785,3,2,0,0,1,0,0,0,0,129500,1,1,0
"403548",403547,2007000023040,935,20934,1,0,0,0,1,0,0,0,0,11220,1,1,0
"1114145",1114144,2011000471552,3051,23050,1,0,0,1,0,0,0,0,0,0,2,0,0
"299111",299110,2007000023040,439,20438,1,0,0,0,1,0,0,0,0,5000,1,1,0
"590177",590176,2007000940544,1450,21449,2,2,0,0,0,0,0,0,0,60400,1,3,0
"151739",151738,2011001257984,94,20093,1,1,0,0,0,0,0,0,0,25000,1,2,0
"689785",689784,2008000233472,1728,21727,1,0,0,0,1,0,0,0,0,5300,1,1,0
"1043915",1043914,2011000602624,2818,22817,2,1,0,0,0,1,0,0,0,90210,1,2,0
"891714",891713,2011001257984,2578,22577,1,0,1,0,0,0,0,0,0,24500,1,0,0
"159284",159283,2010000523264,128,20127,2,0,1,0,1,0,0,0,0,78300,1,2,0
"799861",799860,2011000733696,2232,22231,2,2,0,0,0,0,0,0,0,60000,1,3,0
"917318",917317,2008001282048,2723,22722,2,0,0,0,0,2,0,0,0,263700,1,2,0
"244796",244795,2011000602624,664,20663,1,0,0,0,0,1,0,0,0,85000,1,1,0
"255253",255252,2008000888832,735,20734,4,1,1,0,0,1,0,0,1,94000,1,3,0
"722275",722274,2009000968192,1860,21859,2,1,0,0,0,0,1,0,0,22000,1,1,0
"967998",967997,2009000574976,2558,22557,1,0,0,0,0,1,0,0,0,18000,1,1,0
"197347",197346,2010001047552,771,20770,3,1,0,0,1,0,1,0,0,98200,1,2,0
"667090",667089,2011001257984,1582,21581,2,0,0,0,1,0,1,0,0,14400,1,1,0
"1118435",1118434,2008000757760,3081,23080,5,2,1,0,0,0,0,2,0,54800,1,4,0
"220035",220034,2008000495616,611,20610,2,0,1,0,0,1,0,0,0,55700,1,2,0
"1098379",1098378,2009000968192,2991,22990,6,2,0,0,0,0,2,2,0,66200,1,4,0
"202563",202562,2009000574976,239,20238,4,0,1,0,0,0,0,3,0,1300,1,0,0
"1007463",1007462,2007000154112,2569,22568,3,3,0,0,0,0,0,0,0,93000,1,2,0
"863360",863359,2010000523264,2611,22610,2,0,0,0,1,0,0,1,0,6500,1,1,0
"877418",877417,2009001099264,2823,22822,4,2,0,0,0,0,1,0,1,120220,1,3,0
"220694",220693,2011000733696,611,20610,1,0,0,0,1,0,0,0,0,14500,1,0,0
"193294",193293,2009000574976,605,20604,5,2,0,1,0,0,1,1,0,66000,1,1,0
"336731",336730,2007000547328,727,20726,3,1,1,0,0,0,0,1,0,100000,1,2,0
"800070",800069,2007000940544,2234,22233,2,1,0,0,1,0,0,0,0,31000,1,2,0
"399558",399557,2008000626688,920,20919,7,1,3,0,1,0,1,0,1,42000,1,4,0
"243969",243968,2007000809472,664,20663,2,2,0,0,0,0,0,0,0,104000,1,2,0
"904165",904164,2011001257984,2703,22702,2,1,1,0,0,0,0,0,0,65000,1,2,0
"187479",187478,2009000574976,573,20572,5,2,0,1,0,0,1,1,0,66000,1,4,0
"68576",68575,2010001309696,169,20168,1,0,0,0,1,0,0,0,0,16800,1,1,0
"206448",206447,2011000602624,271,20270,3,0,1,0,0,0,0,1,1,15500,1,2,0
"1038590",1038589,2011000995840,2695,22694,2,0,0,0,1,1,0,0,0,61970,1,2,0
"786437",786436,2011000733696,2029,22028,1,0,1,0,0,0,0,0,0,45000,1,1,0
"887044",887043,2010000916480,2522,22521,5,1,0,0,1,0,0,3,0,75000,1,2,0
"433473",433472,2008000233472,1098,21097,1,0,0,0,0,1,0,0,0,29000,1,0,0
"297692",297691,2011001257984,420,20419,2,0,0,0,2,0,0,0,0,16600,1,0,0
"635293",635292,2009001230336,1647,21646,1,0,0,0,0,1,0,0,0,22000,1,0,0
"75730",75729,2007001202688,191,20190,3,1,1,0,0,0,0,0,1,50000,1,0,0
"621994",621993,2010000785408,1620,21619,3,1,1,0,0,0,0,1,0,125000,1,2,0
"828817",828816,2010001178624,2448,22447,1,1,0,0,0,0,0,0,0,52000,1,1,0
"93848",93847,2010000785408,394,20393,4,1,0,0,2,0,0,0,1,58400,1,2,0
"884060",884059,2008001150976,2480,22479,2,1,0,0,1,0,0,0,0,88000,1,2,0
"391135",391134,2007000809472,2206,22205,2,1,1,0,0,0,0,0,0,72200,1,1,0
"273504",273503,2007000809472,262,20261,1,0,0,1,0,0,0,0,0,20800,1,0,0
"73600",73599,2010000654336,188,20187,3,2,0,0,0,0,0,0,1,100000,1,2,0
"1032865",1032864,2011001257984,2688,22687,2,0,0,0,1,1,0,0,0,33400,1,4,0
"284205",284204,2011000602624,277,20276,1,0,1,0,0,0,0,0,0,28600,1,1,0
"256342",256341,2009000574976,741,20740,3,2,0,0,0,0,0,1,0,65000,1,2,0
"835874",835873,2009001361408,2466,22465,2,1,0,0,1,0,0,0,0,17000,1,1,0
"30209",30208,2011000864768,216,20215,1,0,0,1,0,0,0,0,0,0,2,0,0
"533565",533564,2007000154112,1260,21259,3,2,0,0,0,0,0,1,0,162000,1,2,0
"921278",921277,2007000416256,2727,22726,4,1,0,0,1,0,0,0,2,45600,1,1,0
"403816",403815,2009000050688,935,20934,2,0,0,0,0,2,0,0,0,26500,1,2,0
"1095265",1095264,2008001282048,2975,22974,2,0,0,0,1,1,0,0,0,53480,1,2,0
"971784",971783,2008001019904,2581,22580,3,2,0,0,1,0,0,0,0,103000,1,3,0
"133923",133922,2009001099264,744,20743,1,1,0,0,0,0,0,0,0,33000,1,1,0
"210223",210222,2010001309696,286,20285,2,0,1,0,0,1,0,0,0,37100,1,2,0
"247720",247719,2007001071616,670,20669,2,1,0,0,1,0,0,0,0,68800,1,2,0
"88244",88243,2007000285184,333,20332,5,2,0,0,0,0,0,3,0,85600,1,2,0
"1095024",1095023,2010001047552,2972,22971,1,0,0,0,1,0,0,0,0,0,1,1,0
"493114",493113,2008000626688,1026,21025,1,1,0,0,0,0,0,0,0,80490,1,2,0
"508829",508828,2011000209408,1117,21116,1,0,0,0,0,1,0,0,0,51600,1,1,0
"396764",396763,2010000916480,913,20912,1,1,0,0,0,0,0,0,0,15000,1,1,0
"137588",137587,2009000574976,752,20751,1,0,0,1,0,0,0,0,0,37400,3,0,0
"181300",181299,2011000602624,561,20560,2,2,0,0,0,0,0,0,0,157000,1,3,0
"438071",438070,2007000285184,1107,21106,2,0,0,0,0,2,0,0,0,11200,1,2,0
"721566",721565,2011001520128,1859,21858,1,0,1,0,0,0,0,0,0,23000,1,1,0
"1092946",1092945,2011000864768,2963,22962,2,2,0,0,0,0,0,0,0,39000,1,2,0
"551923",551922,2011000340480,1373,21372,2,1,0,0,1,0,0,0,0,34100,1,3,0
"885009",885008,2011001126912,2481,22480,3,1,1,0,0,0,0,0,1,44000,1,1,0
"824586",824585,2007000678400,2400,22399,10,2,1,7,0,0,0,0,0,81800,1,2,0
"146484",146483,2009000312832,80,20079,2,1,0,0,1,0,0,0,0,20000,1,0,0
"394761",394760,2010000261120,909,20908,1,1,0,0,0,0,0,0,0,40000,1,1,0
"701278",701277,2008000495616,1815,21814,4,0,0,0,2,0,0,0,2,20700,1,2,0
"309665",309664,2010001047552,663,20662,1,0,0,0,0,1,0,0,0,21700,1,1,0
"21775",21774,2008001150976,214,20213,4,1,1,0,0,0,0,2,0,110500,1,2,0
"447310",447309,2010001047552,1131,21130,2,2,0,0,0,0,0,0,0,85000,1,2,0
"929822",929821,2010001047552,2757,22756,1,0,0,0,0,1,0,0,0,19200,1,0,0
"477412",477411,2011000995840,960,20959,1,0,0,0,0,1,0,0,0,13700,1,1,0
"372349",372348,2009000837120,2143,22142,2,0,0,0,2,0,0,0,0,9800,1,2,0
"500084",500083,2008001282048,1046,21045,1,1,0,0,0,0,0,0,0,356000,1,2,0
"964171",964170,2009001361408,2528,22527,2,2,0,0,0,0,0,0,0,52100,1,2,0
"92025",92024,2008001282048,387,20386,2,0,0,0,2,0,0,0,0,10100,1,0,0
"788050",788049,2011001389056,2033,22032,3,2,0,1,0,0,0,0,0,163000,1,4,0
"341695",341694,2008001019904,739,20738,2,2,0,0,0,0,0,0,0,68000,1,2,0
"911278",911277,2009001361408,2714,22713,1,1,0,0,0,0,0,0,0,65000,1,1,0
"573850",573849,2011000602624,1415,21414,3,0,0,0,3,0,0,0,0,12000,1,3,0
"757300",757299,2007001071616,1968,21967,2,1,0,0,0,1,0,0,0,77000,1,2,0
"314230",314229,2007001071616,680,20679,3,2,1,0,0,0,0,0,0,106000,1,4,0
"584304",584303,2009000574976,1439,21438,4,1,0,0,1,0,0,1,1,28650,1,3,0
"213472",213471,2007001071616,329,20328,2,1,0,0,0,0,1,0,0,48000,1,1,0
"1016990",1016989,2010000916480,2645,22644,1,0,0,0,0,1,0,0,0,31200,1,1,0
"1066223",1066222,2007000809472,2909,22908,2,1,0,1,0,0,0,0,0,68700,1,2,0
"797286",797285,2007001333760,2223,22222,4,1,1,0,0,0,0,1,1,107000,1,2,0
"1087469",1087468,2011000209408,2945,22944,2,2,0,0,0,0,0,0,0,140000,1,3,0
"674784",674783,2010000916480,1607,21606,2,0,0,0,0,2,0,0,0,25900,1,2,0
"400112",400111,2009000443904,921,20920,4,1,0,0,1,0,0,1,1,33000,1,2,0
"550285",550284,2009000574976,1368,21367,3,0,0,1,0,0,1,1,0,38600,1,0,0
"1019869",1019868,2010000654336,2655,22654,1,1,0,0,0,0,0,0,0,18000,1,1,0
"1083993",1083992,2011000340480,2938,22937,2,0,0,0,0,2,0,0,0,35200,1,2,0
"1141908",1141907,2008000233472,3148,23147,1,1,0,0,0,0,0,0,0,70100,1,3,0
"942420",942419,2009000050688,2811,22810,3,2,0,0,0,0,1,0,0,109000,1,3,0
"1126226",1126225,2007000154112,3100,23099,3,1,0,0,2,0,0,0,0,36000,1,3,0
"74830",74829,2011000471552,189,20188,5,1,1,0,0,0,0,2,1,393000,1,2,0
"302497",302496,2010000130048,448,20447,3,0,0,0,1,0,0,1,1,8200,1,1,0
"696593",696592,2010000261120,1800,21799,2,2,0,0,0,0,0,0,0,28000,1,3,0
"898303",898302,2008001282048,2639,22638,2,2,0,0,0,0,0,0,0,74450,1,2,0
"212566",212565,2007000023040,315,20314,3,1,0,0,2,0,0,0,0,78000,1,2,0
"424247",424246,2007000154112,1076,21075,1,0,0,0,0,1,0,0,0,111500,1,1,0
"559738",559737,2007000940544,1388,21387,2,0,0,0,2,0,0,0,0,33800,1,2,0
"372703",372702,2011001126912,2143,22142,2,2,0,0,0,0,0,0,0,43100,1,3,0
"906413",906412,2009000837120,2709,22708,1,0,0,0,1,0,0,0,0,7000,1,0,0
"817281",817280,2009000050688,2359,22358,1,0,0,0,0,1,0,0,0,10800,1,0,0
"1115787",1115786,2010001047552,3071,23070,3,0,0,0,1,0,0,0,2,430,1,1,0
"764864",764863,2011000733696,1979,21978,4,2,0,0,0,0,0,2,0,98000,1,3,0
"138689",138688,2007000547328,761,20760,2,0,0,0,1,1,0,0,0,76200,1,2,0
"926504",926503,2010000785408,2736,22735,2,1,1,0,0,0,0,0,0,84000,1,1,0
"123832",123831,2007000023040,504,20503,1,0,0,0,0,1,0,0,0,36400,1,1,0
"89076",89075,2008000888832,335,20334,2,0,1,1,0,0,0,0,0,37000,3,2,0
"62936",62935,2009001230336,118,20117,5,1,0,0,1,0,1,2,0,16800,1,2,0
"222958",222957,2010000261120,616,20615,3,1,2,0,0,0,0,0,0,28500,1,3,0
"409497",409496,2008000888832,1001,21000,2,1,0,0,0,1,0,0,0,64600,1,2,0
"51783",51782,2009001099264,70,20069,1,0,1,0,0,0,0,0,0,17100,1,0,0
"675424",675423,2011000864768,1609,21608,2,2,0,0,0,0,0,0,0,67000,1,4,0
"129229",129228,2007000416256,523,20522,2,0,0,0,0,2,0,0,0,25500,1,1,0
"801854",801853,2008000495616,2238,22237,2,0,2,0,0,0,0,0,0,94800,1,3,0
"1050521",1050520,2010000785408,2874,22873,1,0,0,1,0,0,0,0,0,0,2,0,0
"179630",179629,2007001202688,560,20559,6,4,0,0,0,0,2,0,0,145800,1,3,0
"940235",940234,2008001413120,2806,22805,2,0,0,0,1,1,0,0,0,82500,1,1,0
"435249",435248,2011001257984,1100,21099,2,1,0,0,1,0,0,0,0,50000,1,4,0
"614824",614823,2009001230336,1538,21537,3,1,1,0,1,0,0,0,0,47000,1,3,0
"668047",668046,2011000209408,1586,21585,3,1,0,0,2,0,0,0,0,46200,1,3,0
"467258",467257,2010001047552,1245,21244,3,1,0,0,1,1,0,0,0,62200,1,2,0
"61676",61675,2009000050688,113,20112,2,0,0,0,2,0,0,0,0,1400,1,1,0
"759848",759847,2009001230336,1971,21970,1,0,0,0,0,1,0,0,0,33600,1,1,0
"178296",178295,2007999971328,547,20546,1,0,1,0,0,0,0,0,0,8000,1,0,0
"96562",96561,2008000233472,455,20454,1,0,0,0,1,0,0,0,0,14110,1,1,0
"872521",872520,2010000523264,2772,22771,2,0,0,0,2,0,0,0,0,40400,1,2,0
"1059610",1059609,2009000181760,2894,22893,3,0,0,0,1,0,0,2,0,0,1,0,0
"554418",554417,2007000940544,1379,21378,2,0,0,0,0,2,0,0,0,39600,1,2,0
"1068649",1068648,2008000757760,2911,22910,5,1,1,0,0,0,0,2,1,74100,1,1,0
"1036350",1036349,2008001150976,2692,22691,2,0,0,0,1,1,0,0,0,40200,1,2,0
"54892",54891,2009000050688,74,20073,1,0,0,0,0,1,0,0,0,8700,1,1,0
"595187",595186,2010000916480,1472,21471,2,1,1,0,0,0,0,0,0,129000,1,3,0
"853265",853264,2009001230336,2504,22503,4,1,1,0,0,0,1,1,0,36000,1,3,0
"243595",243594,2009000837120,661,20660,3,1,1,0,0,0,0,0,1,37200,1,4,0
"847176",847175,2011001389056,2499,22498,2,0,1,0,1,0,0,0,0,16300,1,2,0
"145508",145507,2008001413120,79,20078,1,1,0,0,0,0,0,0,0,13000,1,1,0
"42909",42908,2009000706048,301,20300,11,1,0,0,0,0,2,5,3,42800,1,1,0
"93032",93031,2009000443904,392,20391,2,0,1,0,1,0,0,0,0,6400,1,1,0
"760808",760807,2010000785408,1974,21973,3,3,0,0,0,0,0,0,0,98000,1,4,0
"910106",910105,2009000443904,2713,22712,3,1,1,0,0,0,0,1,0,81000,1,2,0
"960079",960078,2008001019904,2446,22445,2,1,0,0,0,0,0,1,0,36300,1,1,0
"207615",207614,2008001413120,282,20281,4,2,0,0,0,0,1,1,0,218000,1,2,0
"1058769",1058768,2007000940544,2893,22892,2,1,0,0,0,0,0,1,0,30800,1,1,0
"661834",661833,2011000078336,1767,21766,1,0,0,0,0,1,0,0,0,20600,1,1,0
"499799",499798,2007000023040,1046,21045,4,1,0,0,1,0,0,0,2,32360,1,4,0
"844467",844466,2010001178624,2492,22491,1,1,0,0,0,0,0,0,0,23000,1,0,0
"172646",172645,2010000785408,528,20527,1,0,0,0,0,1,0,0,0,8800,1,1,0
"438417",438416,2008000888832,1107,21106,1,1,0,0,0,0,0,0,0,50000,1,1,0
"18700",18699,2011000340480,156,20155,1,0,0,0,0,1,0,0,0,17400,1,0,0
"1103807",1103806,2009000968192,3008,23007,2,0,0,0,0,2,0,0,0,36900,1,1,0
"357178",357177,2010000261120,2111,22110,3,2,0,0,0,0,0,1,0,91200,1,2,0
"116733",116732,2008001019904,491,20490,5,2,0,0,0,1,0,2,0,58500,1,2,0
"552719",552718,2011000864768,1374,21373,3,3,0,0,0,0,0,0,0,51000,1,2,0
"1110393",1110392,2007000416256,3048,23047,2,1,0,0,0,0,0,1,0,9300,1,1,0
"500785",500784,2010001309696,1047,21046,4,1,0,0,1,0,0,2,0,64600,1,2,0
"499038",499037,2007000285184,1045,21044,4,1,0,0,1,0,0,1,1,118000,1,2,0
"1091712",1091711,2009001099264,2962,22961,4,1,1,0,0,0,0,2,0,102014,1,2,0
"542688",542687,2011001389056,1351,21350,3,2,0,0,0,0,0,1,0,98000,1,2,0
"746140",746139,2009001099264,1942,21941,1,0,1,0,0,0,0,0,0,31540,1,1,0
"312785",312784,2010000392192,677,20676,1,0,0,0,0,1,0,0,0,12000,1,1,0
"500969",500968,2009000574976,1048,21047,2,1,1,0,0,0,0,0,0,50240,1,2,0
"335146",335145,2007000940544,725,20724,3,0,1,0,0,0,1,1,0,50300,1,2,0
"502211",502210,2007000023040,1059,21058,4,1,0,0,1,0,0,0,2,32360,1,2,0
"913767",913766,2007000678400,2718,22717,5,2,0,0,0,0,1,2,0,98000,1,3,0
"432807",432806,2008000495616,1097,21096,4,1,0,0,1,0,0,1,1,26000,1,2,0
"587258",587257,2011001389056,1444,21443,5,0,0,0,2,0,1,2,0,60870,1,2,0
"1076698",1076697,2007001202688,2928,22927,2,0,0,0,1,1,0,0,0,63800,1,1,0
"1131062",1131061,2011001389056,3113,23112,5,4,0,1,0,0,0,0,0,88200,1,4,0
"1124086",1124085,2008001282048,3095,23094,3,2,0,0,0,0,1,0,0,56000,1,2,0
"439672",439671,2010001047552,1108,21107,2,0,0,0,1,1,0,0,0,47800,1,0,0
"474621",474620,2011000733696,954,20953,2,1,1,0,0,0,0,0,0,22000,1,2,0
"108077",108076,2007000809472,469,20468,1,1,0,0,0,0,0,0,0,55000,1,1,0
"58481",58480,2008001150976,106,20105,1,1,0,0,0,0,0,0,0,19000,1,0,0
"577210",577209,2010000654336,1421,21420,4,2,0,0,1,0,0,0,1,66000,1,4,0
"433513",433512,2008000626688,1098,21097,3,3,0,0,0,0,0,0,0,115000,1,3,0
"1042692",1042691,2007000809472,2817,22816,4,2,1,0,0,0,0,1,0,109500,1,4,0
"648032",648031,2010001047552,1674,21673,6,1,1,0,0,0,1,2,1,89300,1,4,0
"1083076",1083075,2009000312832,2936,22935,4,1,0,0,1,0,0,2,0,105500,1,2,0
"450600",450599,2011000471552,1140,21139,6,1,0,0,1,0,1,3,0,65200,1,1,0
"961284",961283,2010000130048,2449,22448,7,2,0,0,0,0,0,3,2,63410,1,1,0
"340333",340332,2009001099264,736,20735,2,2,0,0,0,0,0,0,0,38000,1,2,0
"173982",173981,2007000809472,531,20530,4,1,0,0,1,0,0,0,2,105000,1,3,0
"28193",28192,2010000523264,216,20215,1,0,0,1,0,0,0,0,0,0,2,0,0
"115034",115033,2008001282048,487,20486,2,2,0,0,0,0,0,0,0,95000,1,2,0
"675689",675688,2011000078336,1610,21609,3,1,0,0,2,0,0,0,0,63900,1,2,0
"179104",179103,2009000574976,558,20557,1,1,0,0,0,0,0,0,0,23000,1,1,0
"56279",56278,2007000940544,96,20095,1,0,1,0,0,0,0,0,0,31500,1,1,0
"442511",442510,2011001389056,1123,21122,2,2,0,0,0,0,0,0,0,57000,1,1,0
"399837",399836,2011000995840,920,20919,3,0,1,1,0,1,0,0,0,24000,1,2,0
"647286",647285,2011001389056,1673,21672,2,1,0,1,0,0,0,0,0,44900,1,4,0
"998932",998931,2010001309696,2536,22535,2,2,0,0,0,0,0,0,0,57000,1,2,0
"645862",645861,2008000233472,1672,21671,1,0,0,0,0,1,0,0,0,16000,1,0,0
"913997",913996,2008001413120,2718,22717,2,1,0,0,0,0,1,0,0,110900,1,2,0
"485966",485965,2010001047552,991,20990,2,0,1,0,0,1,0,0,0,57360,1,2,0
"1015759",1015758,2010000392192,2643,22642,2,0,0,0,2,0,0,0,0,20740,1,0,0
"631618",631617,2011001126912,1637,21636,2,2,0,0,0,0,0,0,0,64000,1,2,0
"893179",893178,2007001071616,2613,22612,2,1,0,0,1,0,0,0,0,62000,1,3,0
"567139",567138,2008001282048,1401,21400,2,0,1,0,0,0,0,0,1,5000,1,1,0
"173287",173286,2007000940544,530,20529,1,1,0,0,0,0,0,0,0,59220,1,1,0
"940248",940247,2009000050688,2806,22805,1,0,0,0,0,1,0,0,0,37100,1,2,0
"876448",876447,2008000102400,2821,22820,3,2,0,0,1,0,0,0,0,89000,1,2,0
"719273",719272,2007000940544,1855,21854,3,1,0,0,1,0,0,0,1,64000,1,2,0
"580240",580239,2011001389056,1427,21426,2,1,0,0,1,0,0,0,0,94300,1,3,0
"107078",107077,2011000078336,467,20466,4,1,0,0,1,0,0,2,0,53000,1,2,0
"364698",364697,2009001099264,2128,22127,4,1,1,0,0,0,1,1,0,44950,1,4,0
"512371",512370,2009000968192,1167,21166,1,1,0,0,0,0,0,0,0,50000,1,1,0
"389739",389738,2010000523264,2203,22202,5,3,0,0,2,0,0,0,0,109600,1,2,0
"1115408",1115407,2008000757760,3071,23070,6,3,1,0,0,0,0,0,2,92000,1,4,0
"610490",610489,2009000181760,1524,21523,3,1,0,0,0,0,1,1,0,101200,1,2,0
"643646",643645,2007001202688,1664,21663,3,1,0,0,0,2,0,0,0,51300,1,3,0
"1019975",1019974,2011000078336,2655,22654,1,0,0,0,1,0,0,0,0,5800,1,0,0
"271508",271507,2011000340480,258,20257,1,0,0,0,1,0,0,0,0,0,1,0,0
"330932",330931,2007001202688,714,20713,2,2,0,0,0,0,0,0,0,90000,1,3,0
"573765",573764,2010001178624,1415,21414,2,1,1,0,0,0,0,0,0,80000,1,2,0
"666994",666993,2010001309696,1582,21581,1,0,1,0,0,0,0,0,0,16000,1,0,0
"1030049",1030048,2007000416256,2686,22685,4,2,0,0,0,0,1,1,0,102500,1,4,0
"516317",516316,2008000888832,1170,21169,1,0,0,1,0,0,0,0,0,0,2,1,0
"475091",475090,2010000261120,955,20954,2,0,0,0,0,2,0,0,0,33900,1,1,0
"910887",910886,2011001520128,2713,22712,2,1,0,0,0,1,0,0,0,75510,1,2,0
"817782",817781,2009001230336,2361,22360,1,0,0,0,0,1,0,0,0,11500,1,0,0
"1106804",1106803,2008000364544,3028,23027,3,2,0,0,0,0,0,0,1,63000,1,2,0
"727451",727450,2007000154112,1873,21872,3,2,0,0,0,1,0,0,0,41000,1,1,0
"962032",962031,2008000757760,2517,22516,2,1,0,0,0,1,0,0,0,49700,1,0,0
"171828",171827,2009000574976,526,20525,1,0,0,0,0,1,0,0,0,14100,1,1,0
"59746",59745,2010000785408,109,20108,2,0,0,0,0,2,0,0,0,28000,1,2,0
"651787",651786,2011001126912,1688,21687,2,1,0,0,1,0,0,0,0,36720,1,1,0
"725274",725273,2009000706048,1866,21865,2,2,0,0,0,0,0,0,0,171520,1,2,0
"591014",591013,2009000574976,1452,21451,3,0,0,0,2,0,0,1,0,1500,1,2,0
"313623",313622,2010000916480,678,20677,3,2,0,0,0,0,1,0,0,170000,1,3,0
"738644",738643,2007000678400,1923,21922,7,3,0,0,2,0,0,1,1,163400,1,4,0
"664160",664159,2007001202688,1571,21570,3,0,1,0,0,2,0,0,0,36600,1,1,0
"611270",611269,2008001150976,1526,21525,4,1,0,0,1,0,0,2,0,180960,1,2,0
"632384",632383,2010999947264,1638,21637,5,2,0,0,0,0,0,2,1,145004,1,2,0
"332205",332204,2010000261120,717,20716,2,2,0,0,0,0,0,0,0,62000,1,3,0
"588987",588986,2010000523264,1448,21447,5,0,0,0,2,0,0,3,0,14900,1,2,0
"634194",634193,2008000102400,1645,21644,2,1,0,0,1,0,0,0,0,42000,1,2,0
"911192",911191,2009000443904,2714,22713,2,0,0,0,0,2,0,0,0,80300,1,2,0
"823203",823202,2007000678400,2392,22391,3,0,1,0,0,0,0,0,2,6000,1,0,0
"39724",39723,2007000547328,235,20234,1,0,0,0,0,1,0,0,0,6600,1,0,0
"368598",368597,2009000706048,2134,22133,5,1,1,0,0,0,0,2,1,140000,1,2,0
"857044",857043,2010001047552,2515,22514,7,0,0,1,0,0,2,4,0,6400,1,0,0
"178387",178386,2007000023040,548,20547,2,1,0,0,1,0,0,0,0,50000,1,2,0
"693885",693884,2010000654336,1791,21790,1,1,0,0,0,0,0,0,0,11000,1,1,0
"60871",60870,2009000837120,111,20110,1,0,0,0,0,1,0,0,0,2100,1,1,0
"159335",159334,2010000916480,128,20127,3,2,0,0,1,0,0,0,0,150000,1,3,0
"856327",856326,2011000078336,2514,22513,2,0,0,0,2,0,0,0,0,9600,1,0,0
"548974",548973,2007000416256,1366,21365,4,3,0,1,0,0,0,0,0,236400,1,4,0
"465220",465219,2011000078336,1231,21230,4,0,0,0,1,0,0,1,2,4800,1,0,0
"602330",602329,2009000837120,1495,21494,4,2,0,1,0,0,0,1,0,105000,1,3,0
"401809",401808,2010000392192,926,20925,2,0,0,0,2,0,0,0,0,8100,1,1,0
"226576",226575,2009001230336,626,20625,3,0,1,0,0,0,0,1,1,9400,1,0,0
"576759",576758,2010000654336,1420,21419,2,0,1,0,0,1,0,0,0,36800,1,3,0
"866423",866422,2008000626688,2662,22661,3,1,0,0,1,0,0,1,0,42000,1,2,0
"909438",909437,2007000023040,2713,22712,3,1,0,0,1,0,0,1,0,65200,1,2,0
"483788",483787,2007000023040,982,20981,4,1,0,0,1,0,0,0,2,32360,1,2,0
"326598",326597,2007000285184,705,20704,4,1,1,0,0,0,0,0,2,106000,1,2,0
"281735",281734,2008001413120,275,20274,2,0,0,0,0,2,0,0,0,89000,1,2,0
"461876",461875,2010000130048,1196,21195,2,0,0,0,0,2,0,0,0,27200,1,1,0
"728327",728326,2009000574976,1876,21875,1,0,0,0,0,1,0,0,0,16100,1,1,0
"326336",326335,2009001361408,704,20703,2,2,0,0,0,0,0,0,0,54520,1,2,0
"1140335",1140334,2011000602624,3142,23141,1,1,0,0,0,0,0,0,0,14000,1,1,0
"308191",308190,2007001202688,629,20628,1,1,0,0,0,0,0,0,0,32000,1,1,0
"89752",89751,2009000050688,338,20337,2,1,1,0,0,0,0,0,0,20700,1,2,0
"132339",132338,2011000995840,597,20596,1,0,0,0,0,1,0,0,0,74700,1,2,0
"682731",682730,2011000995840,1698,21697,3,2,0,0,1,0,0,0,0,87500,1,3,0
"251263",251262,2009000443904,708,20707,3,3,0,0,0,0,0,0,0,131000,1,3,0
"530179",530178,2008000364544,1227,21226,2,0,0,0,2,0,0,0,0,9000,1,0,0
"1150717",1150716,2011000471552,3172,23171,2,0,1,0,0,0,1,0,0,27600,1,2,0
"183218",183217,2009000968192,566,20565,3,2,0,0,0,0,1,0,0,50000,1,3,0
"42862",42861,2009000181760,301,20300,5,2,0,0,0,0,0,3,0,55000,1,2,0
"973925",973924,2008001019904,2592,22591,2,0,0,0,1,1,0,0,0,42600,1,3,0
"543744",543743,2007000285184,1356,21355,2,1,0,0,0,0,0,1,0,46500,1,1,0
"335682",335681,2010000916480,725,20724,2,0,0,0,0,2,0,0,0,35600,1,1,0
"176406",176405,2011000471552,539,20538,2,1,0,0,1,0,0,0,0,130060,1,2,0
"101660",101659,2008000888832,205,20204,2,1,0,0,0,0,0,1,0,44010,1,1,0
"501849",501848,2008000888832,1054,21053,2,1,0,0,1,0,0,0,0,112000,1,3,0
"815059",815058,2008000495616,2281,22280,3,1,1,0,0,0,0,1,0,82000,1,3,0
"635121",635120,2008000888832,1647,21646,1,1,0,0,0,0,0,0,0,80000,1,1,0
"255651",255650,2010000654336,735,20734,2,2,0,0,0,0,0,0,0,68000,1,2,0
"553973",553972,2010001178624,1377,21376,3,0,1,0,1,0,0,1,0,92800,1,4,0
"427046",427045,2008000757760,1082,21081,1,0,0,0,0,1,0,0,0,16700,1,1,0
"580083",580082,2011000471552,1427,21426,1,1,0,0,0,0,0,0,0,145000,1,2,0
"383127",383126,2011001389056,2184,22183,2,2,0,0,0,0,0,0,0,194000,1,3,0
"524203",524202,2007001333760,1180,21179,2,2,0,0,0,0,0,0,0,85000,1,2,0
"714422",714421,2009000443904,1843,21842,4,2,0,0,0,0,1,1,0,73200,1,3,0
"515081",515080,2007000940544,1170,21169,1,0,0,1,0,0,0,0,0,0,2,1,0
"756224",756223,2009000837120,1966,21965,1,0,0,0,1,0,0,0,0,10500,1,1,0
"508849",508848,2011000733696,1117,21116,5,2,0,0,0,0,1,2,0,88000,1,3,0
"168562",168561,2008000626688,514,20513,2,2,0,0,0,0,0,0,0,70000,1,2,0
"481362",481361,2008000626688,970,20969,4,1,1,0,0,0,0,1,1,17500,1,2,0
"143714",143713,2010000261120,76,20075,1,0,0,0,0,1,0,0,0,13700,1,1,0
"256010",256009,2009000837120,738,20737,3,1,1,0,0,0,0,0,1,37200,1,2,0
"318746",318745,2008000364544,688,20687,5,2,0,0,0,0,2,1,0,99200,1,4,0
"750901",750900,2009001099264,1957,21956,2,2,0,0,0,0,0,0,0,48000,1,1,0
"49099",49098,2008000364544,373,20372,3,0,0,0,1,0,0,0,2,3600,1,0,0
"301705",301704,2011000471552,446,20445,3,0,0,0,1,0,0,1,1,0,1,1,0
"940129",940128,2008000495616,2806,22805,1,1,0,0,0,0,0,0,0,34300,1,1,0
"1007086",1007085,2007001071616,2568,22567,2,1,1,0,0,0,0,0,0,18000,1,2,0
"925371",925370,2010000261120,2734,22733,2,2,0,0,0,0,0,0,0,44800,1,2,0
"136428",136427,2011000340480,747,20746,1,0,1,0,0,0,0,0,0,35140,1,1,0
"71678",71677,2007000940544,186,20185,6,3,0,0,0,1,0,1,1,58600,1,4,0
"1032241",1032240,2008001282048,2688,22687,1,1,0,0,0,0,0,0,0,62000,1,1,0
"473314",473313,2008000888832,1295,21294,2,1,1,0,0,0,0,0,0,133000,1,2,0
"467506",467505,2008000102400,1264,21263,1,1,0,0,0,0,0,0,0,160000,1,3,0
"1152655",1152654,2009000181760,3177,23176,1,1,0,0,0,0,0,0,0,55004,1,1,0
"860164",860163,2007000809472,2547,22546,2,0,0,0,0,2,0,0,0,47700,1,2,0
"739728",739727,2010000392192,1925,21924,2,0,1,1,0,0,0,0,0,40700,3,4,0
"103709",103708,2008001019904,457,20456,1,0,0,0,0,1,0,0,0,27500,1,1,0
"104225",104224,2009000706048,458,20457,2,1,0,0,1,0,0,0,0,151700,1,2,0
"531277",531276,2007000285184,1229,21228,1,1,0,0,0,0,0,0,0,68500,1,1,0
"200749",200748,2009000706048,236,20235,1,0,0,0,1,0,0,0,0,9000,1,1,0
"958056",958055,2011000209408,2437,22436,5,2,0,0,0,0,1,2,0,152000,1,3,0
"474396",474395,2007000023040,954,20953,4,1,0,0,1,0,0,0,2,32360,1,1,0
"993555",993554,2010001309696,2798,22797,3,1,1,0,0,0,0,0,1,103610,1,2,0
"766058",766057,2009001230336,1981,21980,2,2,0,0,0,0,0,0,0,65700,1,2,0
"676414",676413,2011000078336,1612,21611,3,1,0,0,1,1,0,0,0,108300,1,3,0
"1088927",1088926,2007000023040,2954,22953,5,1,0,0,1,0,0,1,2,31400,1,2,0
"934990",934989,2011000864768,2789,22788,2,1,0,0,0,0,1,0,0,35000,1,1,0
"17836",17835,2009000574976,155,20154,1,0,0,1,0,0,0,0,0,500,1,0,0
"448383",448382,2007000547328,1133,21132,1,0,0,0,0,1,0,0,0,14200,1,1,0
"56882",56881,2010000261120,96,20095,1,0,0,0,1,0,0,0,0,0,1,0,0
"125938",125937,2008000626688,510,20509,2,2,0,0,0,0,0,0,0,53600,1,3,0
"83884",83883,2009000968192,203,20202,3,2,0,0,0,0,0,0,1,130000,1,2,0
"1053483",1053482,2009999998976,2880,22879,3,1,0,0,0,0,0,1,1,30000,1,1,0
"445855",445854,2010000785408,1128,21127,1,0,0,1,0,0,0,0,0,4000,1,1,0
"1143745",1143744,2011000733696,3155,23154,5,2,0,0,0,0,0,3,0,30000,1,3,0
"456891",456890,2008000495616,1154,21153,2,2,0,0,0,0,0,0,0,118000,1,2,0
"288871",288870,2008000233472,306,20305,3,2,0,0,0,0,1,0,0,90000,1,2,0
"800774",800773,2008000888832,2236,22235,3,1,0,0,1,0,1,0,0,170490,1,4,0
"98204",98203,2010000261120,165,20164,1,1,0,0,0,0,0,0,0,42000,1,1,0
"554011",554010,2011000602624,1377,21376,2,1,0,0,1,0,0,0,0,111000,1,2,0
"619066",619065,2010000392192,1577,21576,7,4,0,1,1,0,0,1,0,336200,1,4,0
"199266",199265,2009000837120,787,20786,1,1,0,0,0,0,0,0,0,44000,1,1,0
"711655",711654,2011001389056,1836,21835,1,0,0,1,0,0,0,0,0,0,2,0,0
"997353",997352,2011001389056,2533,22532,1,1,0,0,0,0,0,0,0,33600,1,1,0
"457547",457546,2007000809472,1159,21158,1,0,0,0,0,1,0,0,0,25300,1,1,0
"1143049",1143048,2009000443904,3151,23150,1,0,0,0,1,0,0,0,0,400,1,1,0
"939694",939693,2010000523264,2805,22804,2,0,0,0,2,0,0,0,0,34000,1,2,0
"103905",103904,2010000916480,457,20456,2,1,0,0,1,0,0,0,0,315000,1,3,0
"127646",127645,2007000547328,520,20519,1,0,0,0,1,0,0,0,0,2000,1,1,0
"1033931",1033930,2008001150976,2690,22689,7,1,1,1,0,0,0,4,0,77004,1,4,0
"635734",635733,2007000285184,1649,21648,3,1,0,0,1,0,0,0,1,27000,1,2,0
"422967",422966,2008000102400,1074,21073,1,1,0,0,0,0,0,0,0,160000,1,2,0
"279028",279027,2009000443904,272,20271,1,1,0,0,0,0,0,0,0,78000,1,1,0
"620250",620249,2008000102400,1595,21594,2,1,0,0,1,0,0,0,0,42000,1,2,0
"462825",462824,2009001230336,1203,21202,2,1,1,0,0,0,0,0,0,54500,1,3,0
"409297",409296,2011001257984,1000,20999,2,0,0,0,0,2,0,0,0,21000,1,2,0
"770457",770456,2011000471552,1993,21992,1,0,1,0,0,0,0,0,0,28600,1,1,0
"850416",850415,2011000340480,2502,22501,1,0,0,1,0,0,0,0,0,0,2,0,0
"823122",823121,2011000864768,2391,22390,4,0,0,0,1,0,0,0,3,2500,1,1,0
"327955",327954,2008001150976,706,20705,2,1,0,0,1,0,0,0,0,35900,1,2,0
"337866",337865,2007000678400,728,20727,1,0,0,1,0,0,0,0,0,9500,3,1,0
"818969",818968,2009000050688,2369,22368,2,1,0,0,0,0,0,1,0,18700,1,0,0
"1079921",1079920,2009001230336,2932,22931,3,1,0,0,1,0,0,1,0,95000,1,2,0
"623576",623575,2010000654336,1624,21623,2,0,0,0,2,0,0,0,0,52400,1,3,0
"1118825",1118824,2011001126912,3081,23080,3,2,0,0,0,0,0,1,0,84000,1,2,0
"923356",923355,2010001178624,2731,22730,1,0,0,0,1,0,0,0,0,20300,1,0,0
"948201",948200,2008000757760,2393,22392,2,1,0,0,0,1,0,0,0,29700,1,2,0
"10422",10421,2011000733696,136,20135,2,1,0,1,0,0,0,0,0,5420,3,1,0
"82259",82258,2011000864768,200,20199,3,2,0,0,1,0,0,0,0,91000,1,2,0
"735586",735585,2009001230336,1914,21913,3,2,0,0,0,0,1,0,0,80500,1,3,0
"301361",301360,2011000995840,444,20443,2,0,0,0,2,0,0,0,0,18100,1,0,0
"210135",210134,2010000523264,286,20285,4,2,0,0,0,0,0,1,1,164000,1,2,0
"1037446",1037445,2007000940544,2695,22694,2,2,0,0,0,0,0,0,0,84000,1,2,0
"1108549",1108548,2011000078336,3039,23038,2,0,0,0,1,1,0,0,0,40300,1,2,0
"537067",537066,2008000102400,1294,21293,4,2,0,0,0,0,0,2,0,106000,1,4,0
"624759",624758,2007000154112,1627,21626,2,0,2,0,0,0,0,0,0,343350,1,3,0
"430481",430480,2009000837120,1092,21091,2,0,0,0,2,0,0,0,0,68400,1,1,0
"851399",851398,2007000547328,2503,22502,1,0,0,1,0,0,0,0,0,0,2,0,0
"607048",607047,2008001019904,1510,21509,4,1,0,0,1,0,0,0,2,10400,1,2,0
"1023514",1023513,2008000364544,2660,22659,2,1,0,0,1,0,0,0,0,31210,1,1,0
"344011",344010,2008000495616,796,20795,1,0,0,1,0,0,0,0,0,0,2,0,0
"809078",809077,2007000416256,2257,22256,2,2,0,0,0,0,0,0,0,52000,1,3,0
"983397",983396,2011000733696,2747,22746,5,1,1,0,1,0,1,1,0,65330,1,4,0
"1049902",1049901,2009000968192,2874,22873,1,0,0,1,0,0,0,0,0,0,2,0,0
"307299",307298,2011000733696,627,20626,1,1,0,0,0,0,0,0,0,102200,1,2,0
"801886",801885,2009000312832,2238,22237,2,0,1,0,0,1,0,0,0,16700,1,1,0
"77054",77053,2009001099264,192,20191,1,1,0,0,0,0,0,0,0,47000,1,1,0
"71621",71620,2007000023040,186,20185,1,1,0,0,0,0,0,0,0,70000,1,2,0
"631749",631748,2007000547328,1638,21637,2,2,0,0,0,0,0,0,0,98500,1,3,0
"839843",839842,2010000654336,2479,22478,2,0,0,0,2,0,0,0,0,18500,1,0,0
"693311",693310,2011001257984,1751,21750,2,2,0,0,0,0,0,0,0,199000,1,3,0
"365474",365473,2007000809472,2130,22129,2,1,0,0,0,0,0,1,0,30000,1,1,0
"899851",899850,2010000130048,2663,22662,1,0,0,0,0,1,0,0,0,19870,1,0,0
"183565",183564,2007001202688,567,20566,3,1,0,0,1,0,1,0,0,30000,1,3,0
"795708",795707,2010001178624,2060,22059,2,2,0,0,0,0,0,0,0,82000,1,2,0
"25850",25849,2009000312832,216,20215,1,0,0,1,0,0,0,0,0,0,2,1,0
"551560",551559,2011000078336,1371,21370,2,0,0,0,1,1,0,0,0,36700,1,2,0
"1114792",1114791,2011000209408,3052,23051,2,1,0,0,1,0,0,0,0,70000,1,1,0
"951204",951203,2011000864768,2407,22406,1,0,0,0,0,1,0,0,0,16800,1,1,0
"221332",221331,2009000968192,612,20611,1,0,0,0,0,1,0,0,0,10700,1,1,0
"41767",41766,2011001257984,295,20294,4,0,0,0,1,0,0,1,2,5200,1,1,0
"521519",521518,2010001047552,1171,21170,3,2,0,1,0,0,0,0,0,57800,1,2,0
"555559",555558,2010001309696,1380,21379,2,1,0,1,0,0,0,0,0,67000,1,3,0
"864989",864988,2011000864768,2622,22621,2,1,0,0,0,0,0,1,0,68000,1,2,0
"274363",274362,2008000495616,263,20262,3,1,0,1,1,0,0,0,0,36000,1,1,0
"185971",185970,2007000809472,571,20570,2,2,0,0,0,0,0,0,0,408700,1,3,0
"402341",402340,2007000940544,930,20929,4,0,0,0,2,0,0,2,0,18000,1,1,0
"1056407",1056406,2008001019904,2885,22884,6,2,1,0,1,0,2,0,0,102360,1,3,0
"977820",977819,2009001099264,2605,22604,4,2,2,0,0,0,0,0,0,77000,1,4,0
"1008389",1008388,2008000102400,2571,22570,2,2,0,0,0,0,0,0,0,101800,1,2,0
"1151548",1151547,2011000340480,3174,23173,4,1,1,0,0,0,0,1,1,39200,1,2,0
"348228",348227,2009001099264,2083,22082,3,1,0,0,1,1,0,0,0,52600,1,1,0
"312227",312226,2011000864768,675,20674,1,0,0,0,0,1,0,0,0,28700,1,1,0
"254466",254465,2009000706048,734,20733,3,1,0,0,2,0,0,0,0,120000,1,4,0
"693971",693970,2011001520128,1791,21790,1,1,0,0,0,0,0,0,0,60000,1,3,0
"546488",546487,2009000968192,1362,21361,5,0,1,0,1,0,2,0,1,2600,1,1,0
"317907",317906,2007001202688,687,20686,3,2,0,0,0,0,1,0,0,129100,1,2,0
"445581",445580,2009000574976,1128,21127,1,0,0,0,1,0,0,0,0,36000,1,1,0
"845354",845353,2009000050688,2496,22495,2,1,0,0,0,0,0,1,0,18700,1,1,0
"271261",271260,2009999998976,258,20257,2,0,1,0,0,0,1,0,0,18600,1,1,0
"728487",728486,2011000602624,1876,21875,3,2,0,0,1,0,0,0,0,52000,1,2,0
"119422",119421,2009000050688,495,20494,1,0,0,0,1,0,0,0,0,31300,1,1,0
"61231",61230,2011000864768,111,20110,1,1,0,0,0,0,0,0,0,17000,1,1,0
"888724",888723,2010000916480,2538,22537,1,0,0,0,0,1,0,0,0,16100,1,0,0
"691158",691157,2011001389056,1744,21743,1,0,0,0,0,1,0,0,0,21000,1,0,0
"293285",293284,2010000654336,330,20329,1,1,0,0,0,0,0,0,0,30300,1,1,0
"1057018",1057017,2008001282048,2887,22886,2,1,0,1,0,0,0,0,0,45000,1,2,0
"491113",491112,2010000130048,1020,21019,6,2,0,0,0,0,3,1,0,64000,1,4,0
"744606",744605,2007000678400,1941,21940,4,0,1,1,1,0,0,1,0,48000,1,4,0
"233633",233632,2007001071616,644,20643,2,1,0,0,0,0,1,0,0,38000,1,2,0
"901079",901078,2009000312832,2669,22668,5,1,1,0,0,0,0,3,0,103000,1,3,0
"1129144",1129143,2009000050688,3106,23105,2,0,0,0,1,1,0,0,0,57900,1,2,0
"182954",182953,2007000940544,566,20565,4,1,0,0,0,0,2,1,0,35400,1,3,0
"1133883",1133882,2010001178624,3125,23124,5,0,0,0,2,0,0,2,1,21000,1,1,0
"98270",98269,2010000654336,165,20164,1,0,0,0,0,1,0,0,0,27800,1,1,0
"541435",541434,2010001309696,1348,21347,2,1,1,0,0,0,0,0,0,58100,1,2,0
"532857",532856,2011001520128,1253,21252,2,0,2,0,0,0,0,0,0,140000,1,2,0
"253699",253698,2007000940544,733,20732,2,1,0,0,1,0,0,0,0,192300,1,1,0
"1084356",1084355,2011000209408,2940,22939,2,0,0,0,0,2,0,0,0,55100,1,2,0
"918095",918094,2007000678400,2724,22723,2,2,0,0,0,0,0,0,0,108000,1,2,0
"59807",59806,2010001047552,109,20108,3,1,0,0,1,0,1,0,0,78500,1,3,0
"632381",632380,2010001440768,1638,21637,2,2,0,0,0,0,0,0,0,101000,1,4,0
"704124",704123,2010000785408,1822,21821,4,1,0,1,0,0,0,1,1,38300,1,2,0
"824533",824532,2011000864768,2399,22398,1,1,0,0,0,0,0,0,0,13000,1,1,0
"145902",145901,2011000340480,79,20078,1,0,0,0,0,1,0,0,0,15100,1,1,0
"748002",748001,2008000102400,1948,21947,1,1,0,0,0,0,0,0,0,12000,1,1,0
"384051",384050,2011001389056,2185,22184,1,1,0,0,0,0,0,0,0,74000,1,2,0
"145048",145047,2011000864768,78,20077,1,1,0,0,0,0,0,0,0,16500,1,0,0
"786909",786908,2007000547328,2031,22030,1,0,0,0,0,1,0,0,0,19500,1,1,0
"790146",790145,2009000968192,2040,22039,7,1,0,0,1,0,0,3,2,44560,1,2,0
"230712",230711,2008000233472,637,20636,3,0,0,0,3,0,0,0,0,49300,1,2,0
"393804",393803,2008000626688,908,20907,3,1,0,0,0,2,0,0,0,65600,1,2,0
"1087264",1087263,2010000785408,2945,22944,1,0,0,0,1,0,0,0,0,1400,1,1,0
"307170",307169,2010000392192,627,20626,3,1,1,0,0,0,1,0,0,140330,1,3,0
"1060827",1060826,2009000968192,2895,22894,4,2,0,0,1,0,0,0,1,86000,1,3,0
"79729",79728,2010000916480,195,20194,1,0,0,1,0,0,0,0,0,8000,3,1,0
"263447",263446,2010000916480,242,20241,2,0,1,0,0,1,0,0,0,30260,1,0,0
"724423",724422,2010000130048,1864,21863,4,1,0,2,1,0,0,0,0,269700,1,3,0
"708640",708639,2007000023040,1836,21835,1,0,0,1,0,0,0,0,0,0,2,0,0
"425180",425179,2007001202688,1078,21077,1,0,0,0,1,0,0,0,0,400,1,1,0
"942583",942582,2011000078336,2811,22810,2,2,0,0,0,0,0,0,0,47000,1,2,0
"918907",918906,2011000340480,2724,22723,1,0,0,0,0,1,0,0,0,16100,1,0,0
"993079",993078,2009000181760,2798,22797,4,1,2,0,0,0,1,0,0,61800,1,4,0
"899057",899056,2010001178624,2649,22648,3,1,0,1,1,0,0,0,0,22000,1,1,0
"927802",927801,2010999947264,2737,22736,4,2,0,0,0,0,0,2,0,108960,1,2,0
"359167",359166,2011000602624,2114,22113,4,0,1,0,1,0,0,1,1,10900,1,3,0
"1130842",1130841,2008001019904,3113,23112,3,0,0,0,0,3,0,0,0,36400,1,1,0
"1051841",1051840,2010000261120,2877,22876,3,0,0,3,0,0,0,0,0,3100,1,0,0
"749183",749182,2008000102400,1952,21951,2,2,0,0,0,0,0,0,0,34000,1,0,0
"912360",912359,2008001150976,2716,22715,5,1,1,0,0,0,0,2,1,76000,1,2,0
"333730",333729,2011001257984,719,20718,1,0,1,0,0,0,0,0,0,17900,1,1,0
"854915",854914,2010000654336,2508,22507,1,0,0,0,0,1,0,0,0,42100,1,1,0
"15271",15270,2007001202688,147,20146,2,0,0,0,1,0,0,0,1,35000,1,1,0
"882982",882981,2007000154112,2477,22476,6,3,0,1,0,0,0,1,1,107200,1,4,0
"850649",850648,2011000733696,2502,22501,1,0,0,1,0,0,0,0,0,0,2,1,0
"1027232",1027231,2008000888832,2679,22678,2,2,0,0,0,0,0,0,0,45600,1,2,0
"1015387",1015386,2009000312832,2643,22642,1,0,0,0,0,1,0,0,0,37000,1,1,0
"155572",155571,2011000471552,125,20124,4,1,0,1,1,0,1,0,0,82800,1,3,0
"531493",531492,2008001150976,1229,21228,1,1,0,0,0,0,0,0,0,90500,1,1,0
"610212",610211,2007000547328,1524,21523,5,2,0,0,0,0,1,1,1,138800,1,3,0
"290128",290127,2010000392192,319,20318,2,2,0,0,0,0,0,0,0,50200,1,2,0
"168534",168533,2007001333760,514,20513,3,1,0,0,1,0,0,0,1,50000,1,2,0
"225545",225544,2007001071616,625,20624,4,2,0,0,0,0,0,2,0,52500,1,1,0
"345988",345987,2007000154112,806,20805,3,1,1,0,0,0,0,1,0,53600,1,2,0
"915950",915949,2008000757760,2722,22721,1,1,0,0,0,0,0,0,0,24040,1,1,0
"770727",770726,2008000757760,1994,21993,4,2,0,0,0,0,0,2,0,129000,1,2,0
"259500",259499,2007000154112,810,20809,4,2,0,0,0,0,1,1,0,63400,1,1,0
"49024",49023,2011000733696,372,20371,1,0,0,1,0,0,0,0,0,1800,3,1,0
